DONid,Headline,ReportDate,Link,DiseaseLevel1,DiseaseLevel2,Country,ISO,OutbreakEpicenter,CasesTotal,CasesSuspected,CasesProbable,CasesConfirmed,Deaths,MassGathering,OutbreakStartYear,OutbreakStartMonth,OutbreakStartDay,OutbreakDetection,OutbreakDetectionYear,OutbreakDetectionMonth,OutbreakDetectionDay,OutbreakVerification,OutbreakVerificationYear,OutbreakVerificationMonth,OutbreakVerificationDay,LabConfirmation,LabConfirmationYear,LabConfirmationMonth,LabConfirmationDay,NotificationLocal,NotificationLocalYear,NotificationLocalMonth,NotificationLocalDay,NotificationWHO,NotificationWHOYear,NotificationWHOMonth,NotificationWHODay,PHCommunication,PHCommunicationYear,PHCommunicationMonth,PHCommunicationDay,PHIntervention,PHInterventionYear,PHInterventionMonth,PHInterventionDay,CommunityResistance,OutbreakEnd,OutbreakEndYear,OutbreakEndMonth,OutbreakEndDay,Notes
DON-1996-02-19-b,1996 - Ebola haemorrhagic fever in Gabon,2/19/1996,https://www.who.int/emergencies/disease-outbreak-news/item/1996_02_19b-en/,Ebola virus,,Gabon,GAB,Makokou,20,,,9,13,,,,,,,,,yes,,,,yes,,,,,,,,,,,,,,,,yes,,,,,,,,,
DON-1996-02-19-b,1996 - Ebola haemorrhagic fever in Gabon,2/19/1996,https://www.who.int/emergencies/disease-outbreak-news/item/1996_02_19b-en/,Ebola virus,,Gabon,GAB,Mayibout,19,,,,10,,,,,,,,,,,,,,,,,,,,,yes,1996,2,13,,,,,yes,,,,,,,,,
DON-1996-04-26-b,1996 - Ebola haemorrhagic fever in Gabon - Update 3,4/26/1996,https://www.who.int/emergencies/disease-outbreak-news/item/1996_04_26b-en/,Ebola virus,,Gabon,GAB,"Mayibout II, Makokou Health District",37,,,,,,,,,,,,,,,,,,,,,,,,,,,,,,,,,yes,,,,,yes,1996,3,12,
DON-1996-08-12-b,1996 - Viral meningitis in Cyprus,8/12/1996,https://www.who.int/emergencies/disease-outbreak-news/item/1996_08_12b-en/,Syndromic: neurological,Meningitis: viral,Cyprus,CYP,"Larnaca, Limassol, Famagusta, Nicosia, Paphos",223,,,,,,1996,7,5,,,,,,,,,yes,,,,,,,,yes,,,,,,,,yes,,,,,,,,,
DON-1996-10-31-b,1996 - Yellow fever in travellers,10/31/1996,https://www.who.int/emergencies/disease-outbreak-news/item/1996_10_31b-en/,Yellow fever,,Brazil,BRA,Amazone,2,,,,2,,,,,,,,,,,,,,,,,,,,,,,,,,,,,,,,,,,,,,2 travellers
DON-1997-01-17-a,1997 - Measles in Guadeloupe,1/17/1997,https://www.who.int/emergencies/disease-outbreak-news/item/1997_01_17a-en/,Measles,,Guadeloupe,GLP,St. Francois,,,,12,,,1997,10,,,,,,yes,,,,yes,,,,,,,,yes,1997,1,15,,,,,yes,,,,,,,,,start date likely typo
DON-1997-01-20,1997 - Health situation in Rwandan refugee camp in Zaire,1/20/1997,https://www.who.int/emergencies/disease-outbreak-news/item/1997_01_20-en/,Cholera,,Zaire,COD,Tingi Tingi Camp,56,,,,2,,,,,,,,,,,,,yes,,,,,,,,,,,,,,,,yes,,,,,,,,,
DON-1997-02-07-b,1997 - Bubonic plague in Zambia,2/7/1997,https://www.who.int/emergencies/disease-outbreak-news/item/1997_02_07b-en/,Plague,Bubonic,Zambia,ZMB,Nwala,267,,,,26,,,,,,,,,,,,,yes,,,,yes,1997,1,24,,,,,,,,,yes,,,,,,,,,
DON-1997-03-02,1997 - Ebola haemorrhagic fever in Gabon (new outbreak) - Update 16,3/2/1997,https://www.who.int/emergencies/disease-outbreak-news/item/1997_03_02-en/,Ebola virus,,Gabon,GAB,,60,,,,45,,,,,,,,,,,,,,,,,yes,1996,7,13,,,,,,,,,yes,,,,,yes,,,,outbreak end
DON-1997-03-12,1997 - O'nyong-nyong (ONN) fever in Uganda,3/12/1997,https://www.who.int/emergencies/disease-outbreak-news/item/1997_03_12-en/,O'nyong-nyong fever,,Uganda,UGA,"Rakai, Mbarara, Masaka",,,,,0,,,,,yes,1997,6,,,,,,yes,,,,,,,,,,,,,,,,yes,1997,1,,,,,,,detection date likely typo
DON-1997-05-06-c,1997 - Louse-borne typhus in Burundi,5/6/1997,https://www.who.int/emergencies/disease-outbreak-news/item/1997_05_06c-en/,Typhus,Louse-borne,Burundi,BDI,"Bujumbura Province; Gitega Province Karama, Burina, Gifugwe, Gasi, Rutovu, Ntabo and Kabezi Districts; 4 other provinces",24000,,,,,,,,,,,,,,,,,,,,,,,,,,,,,,,,,yes,,,,,,,,,
DON-1997-06-06,1997 - Fatal myocarditis in Malaysia,6/6/1997,https://www.who.int/emergencies/disease-outbreak-news/item/1997_06_06-en/,Syndromic: cardiovascular,Myocarditis,Malaysia,MYS,"Sibu, Sarikei and Kuching Divisions",,,,,17,,1997,4,14,,,,,,,,,,,,,,,,,,,,,,,,,yes,,,,,,,,,lab results pending
DON-1997-06-19-b,1997 - Vancomycin resistant Staphylococcus aureus,6/19/1997,https://www.who.int/emergencies/disease-outbreak-news/item/1997_06_19b-en/,Staphylococcus,Staphylococcus aureus,,,,,,,,,,,,,,,,,,,,,,,,,,,,,,,,,,,,,,,,,,,,,,AMR
DON-1997-06-26,1997 - Fatal myocarditis in Malaysia - Update 3,6/26/1997,https://www.who.int/emergencies/disease-outbreak-news/item/1997_06_26-en/,Syndromic: cardiovascular,Myocarditis,Malaysia,MYS,,,,,,29,,,,,,,,,,,,,,,,,,,,,,,,,,,,,yes,,,,,,,,,
DON-1997-07-31-a,1997 - Dengue outbreak in Malaysia,7/31/1997,https://www.who.int/emergencies/disease-outbreak-news/item/1997_07_31a-en/,Dengue fever,,Malaysia,MYS,,11328,,,99,28,,,,,,,,,,,,,yes,,,,yes,1997,1,,,,,,,,,,yes,,,,,,,,,
DON-1997-09-02-b,1997 - Cholera in Mozambique,9/2/1997,https://www.who.int/emergencies/disease-outbreak-news/item/1997_09_02b-en/,Cholera,,Mozambique,MOZ,Maputo,49,,,,,,,,,yes,1997,8,13,,,,,,,,,,,,,,,,,yes,,,,yes,,,,,,,,,
DON-1998-02-20-b,1998 - Cholera in Mozambique - Update 2,2/20/1998,https://www.who.int/emergencies/disease-outbreak-news/item/1998_02_20b-en/,Cholera,,Mozambique,MOZ,Beira City,14679,,,,477,,,,,,,,,,,,,,,,,yes,1997,8,,,,,,,,,,yes,,,,,,,,,
DON-1998-11-11,"1998 - Hurricane Mitch, Update 3",11/11/1998,https://www.who.int/emergencies/disease-outbreak-news/item/1998_11_11-en/,Rift Valley fever,,Central America,,,,,,,,,,,,,,,,,,,,yes,,,,,,,,,,,,,,,,yes,,,,,,,,,
DON-1998-11-25-a,1998 - Cholera in Sri Lanka,11/25/1998,https://www.who.int/emergencies/disease-outbreak-news/item/1998_11_25-en/,Cholera,,Sri Lanka,LKA,Colombo,1264,,,,36,,1997,9,,,,,,,,,,,,,,yes,1998,11,16,,,,,,,,,yes,,,,,,,,,
DON-1999-01-06,1999 - Influenza in China,1/6/1999,https://www.who.int/emergencies/disease-outbreak-news/item/1999_01_06-en/,Influenza A,,China,CHN,,,,,,,,,,,,,,,,,,,yes,,,,,,,,,,,,,,,,,,,,,,,,,
DON-1999-03-19-c,1999 - Acute watery diarrhoea in Sudan,3/19/1999,https://www.who.int/emergencies/disease-outbreak-news/item/1999_03_26a-en/,Syndromic: diarrhoeal,,Sudan,SDN,,,,,,78,,,,,,,,,,,,,,,,,yes,1999,3,19,,,,,,,,,yes,,,,,,,,,
DON-1999-03-22-b,1999- Meningococcal disease in Guinea-Bissau - Update,3/22/1999,https://www.who.int/emergencies/disease-outbreak-news/item/1999_03_22b-en/,Meningococcal disease,,Guinea-Bissau,GNB,"Oio, Gabu, Bafata, most of the country",881,,,,135,,1999,1,,,,,,,,,,yes,,,,yes,1999,3,17,,,,,,,,,yes,,,,,,,,,
DON-1999-04-30-b,1999 - Cholera in Somalia - Update,4/30/1999,https://www.who.int/emergencies/disease-outbreak-news/item/1999_04_30a-en/,Cholera,,Somalia,SOM,"Mogadishu, Kismayo, Baidoa, Bay, Lower Shabelle, Upper and Lower Juba",7860,,,,233,,1998,12,,,,,,,,,,,,,,yes,1998,12,,,,,,,,,,yes,,,,,,,,,
DON-1999-05-17,1999 - Suspected viral haemorrhagic fever in the Democratic Republic of the Congo - Update 5,5/17/1999,https://www.who.int/emergencies/disease-outbreak-news/item/1999_05_17-en/,Marburg fever,,Democratic Republic of the Congo,COD,Durba,,,,2,,,,,,,,,,,,,,yes,,,,,,,,,,,,yes,,,,yes,,,,,,,,,marburg
DON-1999-09-07,1999 - Cholera in Afghanistan - Update,9/7/1999,https://www.who.int/emergencies/disease-outbreak-news/item/1999_09_07-en/,Cholera,,Afghanistan,AFG,Kabul,,,,,,,,,,,,,,,,,,,,,,,,,,,,,,yes,1999,9,2,yes,1999,8,16,,,,,,
DON-1999-10-06,1999 - West Nile fever in the United States of America (update on St. Louis encephalitis),10/6/1999,https://www.who.int/emergencies/disease-outbreak-news/item/1999_10_06-en/,West Nile virus,,United States of America,USA,"New York City, Nassau, Westchester",,,,50,5,,,,,,,,,,,,,yes,,,,,,,,,,,,,,,,yes,,,,,,,,,SLE retested to be WNF
DON-2000-04-21-b,"2000 - Meningococcal disease in Francen(Update), United Kingdom (Update), Oman, Saudi ARabia, Netherlands",4/21/2000,https://www.who.int/emergencies/disease-outbreak-news/item/2000_04_21b-en/,Meningococcal disease,,France,FRA,,14,,,,4,yes,,,,,,,,,,,,yes,,,,,,,,,,,,,,,,,,,,,,,,,
DON-2000-04-21-b,"2000 - Meningococcal disease in Francen(Update), United Kingdom (Update), Oman, Saudi ARabia, Netherlands",4/21/2000,https://www.who.int/emergencies/disease-outbreak-news/item/2000_04_21b-en/,Meningococcal disease,,United Kingdom,GBR,,22,,,,4,yes,,,,,,,,,,,,yes,,,,,,,,,,,,,,,,,,,,,,,,,
DON-2000-04-21-b,"2000 - Meningococcal disease in Francen(Update), United Kingdom (Update), Oman, Saudi ARabia, Netherlands",4/21/2000,https://www.who.int/emergencies/disease-outbreak-news/item/2000_04_21b-en/,Meningococcal disease,,Oman,OMN,,12,,,,3,yes,2000,3,20,,,,,,,,,yes,,,,,,,,,,,,,,,,,,,,,,,,,
DON-2000-04-21-b,"2000 - Meningococcal disease in Francen(Update), United Kingdom (Update), Oman, Saudi ARabia, Netherlands",4/21/2000,https://www.who.int/emergencies/disease-outbreak-news/item/2000_04_21b-en/,Meningococcal disease,,Saudi Arabia,SAU,,199,,,86,55,yes,,,,,,,,,,,,yes,,,,,,,,,,,,,,,,yes,,,,,,,,,
DON-2000-04-21-b,"2000 - Meningococcal disease in Francen(Update), United Kingdom (Update), Oman, Saudi ARabia, Netherlands",4/21/2000,https://www.who.int/emergencies/disease-outbreak-news/item/2000_04_21b-en/,Meningococcal disease,,Netherlands,NLD,,,,1,2,,yes,2000,4,5,,,,,,,,,yes,,,,,,,,,,,,,,,,,,,,,,,,,
DON-2000-04-27-b,2000 - Tularemia in Kosovo - Update,4/27/2000,https://www.who.int/emergencies/disease-outbreak-news/item/2000_04_27a-en/,Tularemia,,Kosovo,XKO,,,699,,56,,,,,,,,,,,,,,yes,,,,,,,,,,,,,,,,yes,,,,,,,,,
DON-2000-07-11,2000 - Acute haemorrhagic fever syndrome in Afghanistan - Update,7/11/2000,https://www.who.int/emergencies/disease-outbreak-news/item/2000_07_11-en/,Syndromic: haemorrhagic,,Afghanistan,AFG,Gulran,,27,,,16,,,,,,,,,,,,,no,,,,,,,,,,,,,,,,yes,,,,,,,,,
DON-2000-09-11,2000 - Yellow fever in Liberia - Update,9/11/2000,https://www.who.int/emergencies/disease-outbreak-news/item/2000_09_11-en/,Yellow fever,,Liberia,LBR,Grand Cape Mount County,,102,,,,,,,,,,,,,,,,,,,,,,,,yes,2000,9,6,,,,,yes,2000,9,5,,,,,,
DON-2000-09-29,2000 - Rift Valley fever in Saudi Arabia - Update/Acute haemorrhagic feve syndrome in Yemen - Update,9/29/2000,https://www.who.int/emergencies/disease-outbreak-news/item/2000_09_29-en/,Rift Valley fever,,Saudi Arabia,SAU,Jizan,160,,,,33,,,,,,,,,,,,,yes,,,,yes,2000,9,10,,,,,yes,,,,yes,,,,,,,,,
DON-2000-09-29,2000 - Rift Valley fever in Saudi Arabia - Update/Acute haemorrhagic feve syndrome in Yemen - Update,9/29/2000,https://www.who.int/emergencies/disease-outbreak-news/item/2000_09_29-en/,Rift Valley fever,,Yemen,YEM,Wadi Mawr,134,,,,31,,,,,,,,,,,,,,,,,,,,,,,,,yes,,,,yes,,,,,,,,,
DON-2000-10-18-b,2000 - Cholera in South Africa - Update,10/18/2000,https://www.who.int/emergencies/disease-outbreak-news/item/2000_10_18a-en/,Cholera,,South Africa,ZAF,"Lower Umfolozi Districts, Ngwelezane, Empangeni, Eshowe/Nkandla areas, Stanger area, Port Shepstone area.",3075,,,,26,,2000,8,,,,,,,,,,,,,,yes,,,,,,,,yes,,,,yes,,,,,,,,,
DON-2000-11-02,2000 - Ebola haemorrhagic fever - Update 17,11/2/2000,https://www.who.int/emergencies/disease-outbreak-news/item/2000_11_02-en/,Ebola virus,,Uganda,UGA,"Gulu, Mbarara",262,,,,81,,,,,,,,,,,,,yes,,,,,,,,yes,2000,11,2,,,,,yes,,,,,,,,,
DON-2000-11-06,2000 - Ebola haemorrhagic fever in Uganda - Update 21,11/6/2000,https://www.who.int/emergencies/disease-outbreak-news/item/2000_11_06-en/,Ebola virus,,Uganda,UGA,"Gulu, Mbarara",281,,,3,91,,,,,,,,,,,,,yes,,,,,,,,yes,2000,11,6,,,,,yes,,,,,,,,,
DON-2000-11-08,2000 - Eboal haemorrhagic fever in Uganda - Update 23,11/8/2000,https://www.who.int/emergencies/disease-outbreak-news/item/2000_11_08-en/,Ebola virus,,Uganda,UGA,Gulu,286,,,,94,,,,,,,,,,,,,,,,,,,,,yes,2000,11,8,,,,,,,,,,,,,,just Gulu district
DON-2001-04-27,"2001 - Meningococcal disease, serogroup W135",4/27/2001,https://www.who.int/emergencies/disease-outbreak-news/item/2001_04_27-en/,Meningococcal disease,W135,Burkina Faso,BFA,,4,,,,,,,,,,,,,,,,,yes,,,,,,,,yes,,,,,,,,,,,,,,,,,
DON-2001-04-27,"2001 - Meningococcal disease, serogroup W135",4/27/2001,https://www.who.int/emergencies/disease-outbreak-news/item/2001_04_27-en/,Meningococcal disease,W135,Central African Republic,CAF,,,,,3,,yes,,,,,,,,,,,,yes,,,,,,,,yes,,,,,,,,,,,,,,,,,
DON-2001-04-27,"2001 - Meningococcal disease, serogroup W135",4/27/2001,https://www.who.int/emergencies/disease-outbreak-news/item/2001_04_27-en/,Meningococcal disease,W135,France,FRA,,2,,,,0,yes,,,,,,,,,,,,yes,,,,,,,,yes,,,,,,,,,,,,,,,,,
DON-2001-04-27,"2001 - Meningococcal disease, serogroup W135",4/27/2001,https://www.who.int/emergencies/disease-outbreak-news/item/2001_04_27-en/,Meningococcal disease,W135,Norway,NOR,,4,,,,0,yes,,,,,,,,,,,,yes,,,,,,,,yes,,,,,,,,,,,,,,,,,
DON-2001-04-27,"2001 - Meningococcal disease, serogroup W135",4/27/2001,https://www.who.int/emergencies/disease-outbreak-news/item/2001_04_27-en/,Meningococcal disease,W135,Saudi Arabia,SAU,,109,,,,35,yes,,,,,,,,,,,,yes,,,,,,,,yes,2001,2,9,,,,,yes,,,,,,,,,
DON-2001-04-27,"2001 - Meningococcal disease, serogroup W135",4/27/2001,https://www.who.int/emergencies/disease-outbreak-news/item/2001_04_27-en/,Meningococcal disease,W135,Singapore,SGP,,4,,,,0,yes,2001,1,,,,,,,,,,yes,,,,,,,,yes,,,,,,,,,,,,,,,,,
DON-2001-04-27,"2001 - Meningococcal disease, serogroup W135",4/27/2001,https://www.who.int/emergencies/disease-outbreak-news/item/2001_04_27-en/,Meningococcal disease,W135,United Kingdom,GBR,,,,,28,7,yes,2001,1,,,,,,,,,,yes,,,,,,,,yes,,,,,,,,,,,,,,,,,
DON-2001-05-25-b,2001 - Acute neurological syndrome in Bangladesh,5/25/2001,https://www.who.int/emergencies/disease-outbreak-news/item/2001_05_25a-en/,Syndromic: neurological,,Bangladesh,BGD,Meherpur,28,,,,9,,,,,,,,,,,,,,,,,,,,,yes,2001,4,26,,,,,yes,,,,,,,,,
DON-2001-09-05-c,2001 - Yellow fever in Cote d'Ivoire - Update,9/5/2001,https://www.who.int/emergencies/disease-outbreak-news/item/2001_09_05b-en/,Yellow fever,,Cote d'Ivoire,CIV,Abidjan,20,14,,6,4,,,,,,,,,,,,,yes,,,,,,,,,,,,yes,,,,yes,,,,,,,,,WHO press release
DON-2001-09-17-a,2001 - Meningococcal disease in Angola - Update,9/17/2001,https://www.who.int/emergencies/disease-outbreak-news/item/2001_09_17-en/,Meningococcal disease,,Angola,AGO,"Bolombo, Cunene, Cuando Cubango",193,,,,24,,2001,5,,,,,,,,,,yes,,,,,,,,yes,,,,,,,,yes,,,,,,,,,
DON-2001-09-17-b,2001 - Cholera in West Africa,9/17/2001,https://www.who.int/emergencies/disease-outbreak-news/item/2001_09_17a-en/,Cholera,,Burkina Faso,BFA,Ourgaye,55,,,,3,,,,,,,,,,,,,yes,,,,yes,2001,7,14,,,,,,,,,yes,,,,,,,,,
DON-2001-09-17-b,2001 - Cholera in West Africa,9/17/2001,https://www.who.int/emergencies/disease-outbreak-news/item/2001_09_17a-en/,Cholera,,Cote d'Ivoire,CIV,Abidjan,897,,,,47,,,,,,,,,,,,,,,,,yes,2001,8,12,,,,,,,,,yes,,,,,,,,,
DON-2001-09-17-b,2001 - Cholera in West Africa,9/17/2001,https://www.who.int/emergencies/disease-outbreak-news/item/2001_09_17a-en/,Cholera,,Niger,NER,Fillingue,13,,,,3,,,,,,,,,,,,,yes,,,,yes,2001,8,27,,,,,,,,,yes,,,,,,,,,
DON-2001-09-25-a,2001 - Yellow fever in Cote dÎvoire - Update 5,9/25/2001,https://www.who.int/emergencies/disease-outbreak-news/item/2001_09_25-en/,Yellow fever,,Cote d'Ivoire,CIV,Abidjan,169,,,22,20,,,,,,,,,,,,,yes,,,,,,,,yes,2001,9,24,,,,,yes,2001,9,21,,,,,,
DON-2001-11-12,2001 - Imported case of yellow fever in Belgium,11/12/2001,https://www.who.int/emergencies/disease-outbreak-news/item/2001_11_12-en/,Yellow fever,,Belgium,BEL,Gambia (imported),1,,,1,0,,,,,,,,,,,,,yes,,,,,,,,yes,,,,,,,,,,,,,,,,,imported
DON-2001-12-11,2001 - Ebola haemorrhagic fever in Gabon - Update,12/11/2001,https://www.who.int/emergencies/disease-outbreak-news/item/2001_12_11-en/,Ebola virus,,Gabon,GAB,Ogooue Ivindo,,12,,1,10,,,,,,,,,,,,,yes,,,,,,,,yes,2001,12,11,,,,,yes,,,,,,,,,
DON-2001-12-16,2001 - Ebola haemorrhagic fever in Gabon - Update 4,12/16/2001,https://www.who.int/emergencies/disease-outbreak-news/item/2001_12_16-en/,Ebola virus,,Gabon,GAB,,15,13,,2,12,,,,,,,,,,,,,yes,,,,,,,,yes,2001,12,16,yes,,,,yes,,,,,,,,,
DON-2002-01-02,2002 - Ebola haemorrhagic fever in Gabon - Update 11,1/2/2002,https://www.who.int/emergencies/disease-outbreak-news/item/2002_01_02-en/,Ebola virus,,Gabon,GAB,,,7,,20,17,,,,,,,,,,,,,yes,,,,yes,2002,1,1,,,,,,,,,yes,,,,,,,,,
DON-2002-01-02,2002 - Ebola haemorrhagic fever in Gabon - Update 11,1/2/2002,https://www.who.int/emergencies/disease-outbreak-news/item/2002_01_02-en/,Ebola virus,,Republic of the Congo,COG,,,2,,12,6,,,,,,,,,,,,,yes,,,,yes,2002,1,1,,,,,,,,,yes,,,,,,,,,
DON-2002-01-07,2002 - Ebola haemorrhagic fever in Gabon/The Republic of the Congo Update 13,1/7/2002,https://www.who.int/emergencies/disease-outbreak-news/item/2002_01_07-en/,Ebola virus,,Gabon,GAB,,,15,,20,17,,,,,,,,,,,,,yes,,,,yes,2002,1,6,,,,,yes,,,,yes,,,,,,,,,
DON-2002-01-07,2002 - Ebola haemorrhagic fever in Gabon/The Republic of the Congo Update 13,1/7/2002,https://www.who.int/emergencies/disease-outbreak-news/item/2002_01_07-en/,Ebola virus,,Republic of the Congo,COG,,,,,13,7,,,,,,,,,,,,,yes,,,,yes,2002,1,6,,,,,,,,,yes,,,,,,,,,
DON-2002-01-18,2002 - Meningococcal disease in Somalia - Update,1/18/2002,https://www.who.int/emergencies/disease-outbreak-news/item/2002_01_18-en/,Meningococcal disease,,Somalia,SOM,,144,,,64,33,,2001,10,,,,,,,,,,yes,,,,,,,,yes,2002,1,16,yes,,,,yes,,,,,,,,,
DON-2002-02-06,2002 - Tularemia in Kosovo- Update 2,2/6/2002,https://www.who.int/emergencies/disease-outbreak-news/item/2002_02_06-en/,Tularemia,,Kosovo,XKO,,715,141,,170,,,2001,11,1,,,,,,,,,yes,,,,yes,2002,2,5,,,,,yes,,,,yes,,,,,,,,,
DON-2002-05-06,2002 - Meningococcal disease in the African Meningitis Belt - Update 2,5/6/2002,https://www.who.int/emergencies/disease-outbreak-news/item/2002_05_06-en/,Meningococcal disease,,Burkina Faso,BFA,,11899,,,,1368,,,,,,,,,,,,,,,,,,,,,yes,2002,4,28,,,,,yes,,,,,,,,,
DON-2002-05-06,2002 - Meningococcal disease in the African Meningitis Belt - Update 2,5/6/2002,https://www.who.int/emergencies/disease-outbreak-news/item/2002_05_06-en/,Meningococcal disease,,Niger,NER,Matameye (Zinder),3518,,,,308,,,,,,,,,,,,,,,,,,,,,yes,2002,4,21,,,,,yes,,,,,,,,,
DON-2002-07-19-c,2002 - Dengue/dengue haemorrhagic fever in Honduras,7/19/2002,https://www.who.int/emergencies/disease-outbreak-news/item/2002_07_19b-en/,Dengue fever,,Honduras,HND,"Francisco, Morazan, La Paz, Cortes, Olancho, Comayagua, Choluteca, El Paraiso, Yoro, Santa  Barbara, Copan",2405,,,,8,,,,,,,,,,,,,,,,,,,,,yes,2002,6,29,yes,,,,yes,,,,,,,,,
DON-2002-08-13-a,2002 - Influenza in Madagascar - Update 2,8/13/2002,https://www.who.int/emergencies/disease-outbreak-news/item/2002_08_13-en/,Influenza A,,Madagascar,MDG,5/13 districts,5117,,,,374,,,,,,,,,,,,,,,,,,,,,yes,,,,,,,,yes,,,,,,,,,
DON-2002-08-14,2002 - Cholera in Burundi- Update,8/14/2002,https://www.who.int/emergencies/disease-outbreak-news/item/2002_08_14-en/,Cholera,,Burundi,BDI,Bujumbura Rurale,577,,,,8,,2002,6,17,,,,,,,,,,,,,,,,,yes,2002,8,5,,,,,,,,,,,,,,
DON-2002-09-17,2002 - West Nile virus in the United States - Update 3,9/17/2002,https://www.who.int/emergencies/disease-outbreak-news/item/2002_09_17-en/,West Nile virus,,United States,USA,"30 states, DC",1460,,,,66,,,,,,,,,,,,,,,,,,,,,yes,2002,9,16,,,,,,,,,,,,,,
DON-2002-10-01-a,2002 - West Nile virus in the United States - Update 5,10/1/2002,https://www.who.int/emergencies/disease-outbreak-news/item/2002_10_01-en/,West Nile virus,,United States,USA,"32 states, DC",2405,,,,117,,,,,,,,,,,,,,,,,,,,,yes,2002,9,30,,,,,,,,,,,,,,
DON-2002-10-15-b,2002 - West Nile virus in Canada - Update 4,10/15/2002,https://www.who.int/emergencies/disease-outbreak-news/item/2002_10_15a-en/,West Nile virus,,Canada,CAN,"Quebec, Ontario",69,49,,20,1,,,,,,,,,,,,,yes,,,,,,,,yes,2002,10,11,,,,,,,,,,,,,,
DON-2002-10-22-a,2002 - West Nile virus in the United States - Update 7,10/22/2002,https://www.who.int/emergencies/disease-outbreak-news/item/2002_10_22-en/,West Nile virus,,United States,USA,"37 states, DC",3231,,,,176,,,,,,,,,,,,,,,,,,,,,yes,2002,10,21,,,,,,,,,,,,,,
DON-2002-11-01,2002 - Yellow fever in Senegal - Update 4,11/1/2002,https://www.who.int/emergencies/disease-outbreak-news/item/2002_11_01-en/,Yellow fever,,Senegal,SEN,"Touba, Mbacke, Bambey, Gossas",,,,45,4,,2002,10,20,,,,,,,,,yes,,,,,,,,yes,2002,10,31,,,,,yes,,,,,,,,,
DON-2002-11-29-a,2002 - Yellow fever in Senegal - Update 6,11/29/2002,https://www.who.int/emergencies/disease-outbreak-news/item/2002_11_29-en/,Yellow fever,,Senegal,SEN,"Touba, Mbacke, Bambey, Gossas, Fatick, Guinguineo, Darou Mousty, Kebemer, Khombole, Thiadiaye, Tambacounda, Sedhiou, Dakar Centre",60,,,,11,,2002,11,11,,,,,,,,,yes,,,,,,,,yes,2002,11,28,,,,,yes,,,,,,,,,
DON-2003-01-08-b,Pertussis in Afghanistan,1/8/2003,https://www.who.int/emergencies/disease-outbreak-news/item/2003_01_08a-en/,Pertussis,,Afghanistan,AFG,Khwahan,115,,,,17,,,,,,,,,,,,,yes,2002,11,,,,,,yes,,,,,,,,yes,,,,,,,,,
DON-2003-02-04,Meningococcal disease in Burkina Faso,2/4/2003,https://www.who.int/emergencies/disease-outbreak-news/item/2003_02_04-en/,Meningococcal disease,,Burkina Faso,BFA,"Batie, Kossodo, Manga, Tenkodogo",980,,,28,196,,,,,,,,,,,,,yes,,,,,,,,yes,2003,1,1,,,,,yes,,,,,,,,,
DON-2003-02-11,Acute respiratory syndrome in China,2/11/2003,https://www.who.int/emergencies/disease-outbreak-news/item/2003_02_11-en/,SARS-CoV,,China,CHN,Guangdong,300,,,,5,,,,,,,,,,,,,,,,,,,,,yes,,,,,,,,yes,,,,,,,,,
DON-2003-02-14-a,Acute respiratory syndrome in China - Update 2,2/14/2003,https://www.who.int/emergencies/disease-outbreak-news/item/2003_02_14-en/,SARS-CoV,,China,CHN,Guangdong,305,,,,5,,,,,yes,2002,11,26,,,,,,,,,,,,,yes,,,,,,,,yes,,,,,,,,,clinically consistent with pneumonia
DON-2003-03-31,Severe Acute Respiratory Syndrome (SARS) - multi-country outbreak - Update 15,3/31/2003,https://www.who.int/emergencies/disease-outbreak-news/item/2003_03_31-en/,SARS-CoV,,Global,,13 countries,1622,,,,58,,,,,,,,,,,,,,,,,,,,,,,,,,,,,yes,,,,,,,,,
DON-2003-04-02-a,Severe Acute Respiratory Syndrome (SARS) -  multi-country outbreak - Update 18,4/2/2003,https://www.who.int/emergencies/disease-outbreak-news/item/2003_02_02a-en/,SARS-CoV,,Global,,,,,,,,,,,,,,,,,,,,,,,,,,,,,,,,yes,2003,4,2,yes,,,,,,,,,
DON-2003-04-02-d,Ebola haemorrhagic fever in the Republic of the Congo - Update 10,4/2/2003,https://www.who.int/emergencies/disease-outbreak-news/item/2003_04_02c-en/,Ebola virus,,Republic of the Congo,COG,"Mbomo, Kelle",135,,,13,120,,,,,,,,,,,,,yes,,,,,,,,yes,2003,4,2,,,,,yes,,,,,,,,,
DON-2003-04-03,Severe Acute Respiratory Syndrome (SARS) - multi-country outbreak - Update 20,4/3/2003,https://www.who.int/emergencies/disease-outbreak-news/item/2003_04_03a-en/,SARS-CoV,,Global,,16 countries,2270,,,,79,,2002,11,16,,,,,,,,,no,,,,,,,,,,,,yes,,,,yes,,,,,,,,,
DON-2003-05-07-b,Severe Acute Respiratory Syndrome (SARS)-multi-country outbreak - Update 49,5/7/2003,https://www.who.int/emergencies/disease-outbreak-news/item/2003_05_07a-en/,SARS-CoV,,Global,,29 countries,,,6903,,495,,,,,,,,,,,,,,,,,,,,,yes,2003,5,7,,,,,yes,,,,,,,,,
DON-2003-05-16,Severe Acute Respiratory Syndrome (SARS)-multi-country outbreak - Update 57,5/16/2003,https://www.who.int/emergencies/disease-outbreak-news/item/2003_05_16-en/,SARS-CoV,,Global,,29 countries,,,7739,,611,yes,,,,,,,,,,,,,,,,,,,,yes,2003,5,16,yes,2003,5,15,yes,,,,,,,,,
DON-2003-05-30-a,Update 70 - Singapore removed from list of areas with local SARS transmission,5/30/2003,https://www.who.int/emergencies/disease-outbreak-news/item/2003_05_30a-en/,SARS-CoV,,Singapore,SGP,,,,206,,,,,,,,,,,,,,,,,,,yes,2003,3,9,yes,2003,5,29,,,,,yes,,,,,yes,2003,5,31,
DON-2003-06-11-a,Yellow fever in Sudan - Update,6/11/2003,https://www.who.int/emergencies/disease-outbreak-news/item/2003_06_11-en/,Yellow fever,,Sudan,SDN,Torit County,,,,,,,,,,,,,,,,,,,,,,,,,,,,,,,,,,yes,,,,,,,,,
DON-2003-06-17-b,Typhoid fever in Haiti,6/17/2003,https://www.who.int/emergencies/disease-outbreak-news/item/2003_06_17a-en/,Typhoid,,Haiti,HTI,Grand Bois,200,,,3,40,,2003,4,,,,,,,,,,yes,,,,,,,,yes,2003,5,30,yes,,,,yes,,,,,,,,,
DON-2003-06-26,Update 89 - What happens if SARS returns?,6/26/2003,https://www.who.int/emergencies/disease-outbreak-news/item/2003_06_26-en/,SARS-CoV,,Global,,"Toronto, Taiwan",,,,,,,2002,11,,,,,,,,,,,,,,,,,,,,,,,,,,yes,,,,,,,,,
DON-2003-07-02,Update 93 - Toronto removed from list of areas with recent local transmission,7/2/2003,https://www.who.int/emergencies/disease-outbreak-news/item/2003_07_02-en/,SARS-CoV,,Canada,CAN,Toronto,,,,,,,,,,,,,,,,,,,,,,,,,,,,,,,,,,yes,,,,,yes,2003,7,2,
DON-2003-08-18-b,Cholera in Liberia - Update 3,8/18/2003,https://www.who.int/emergencies/disease-outbreak-news/item/2003_08_18a-en/,Cholera,,Liberia,LBR,Monrovia,,,,,,,,,,,,,,,,,,,,,,,,,,,,,,yes,,,,yes,,,,,,,,,
DON-2003-09-30-b,Yellow fever in Sierra Leone - update,9/30/2003,https://www.who.int/emergencies/disease-outbreak-news/item/2003_09_30a-en/,Yellow fever,,Sierra Leone,SLE,"Tonkolili, Bombali, Kenema, Koinadugu, Porto Loko, Kambia, Kono",90,,,4,10,,,,,,,,,,,,,yes,,,,,,,,yes,2003,9,29,,,,,yes,2003,8,22,,,,,,
DON-2003-10-09,"Poliomyelitis in West Africa: Togo, Burkina Faso and Ghana",10/9/2003,https://www.who.int/emergencies/disease-outbreak-news/item/2003_10_09-en/,Polio,,Togo,TGO,,1,,,1,,,2003,7,22,,,,,,,,,yes,,,,,,,,,,,,,,,,yes,2003,10,22,,,,,,
DON-2003-10-09,"Poliomyelitis in West Africa: Togo, Burkina Faso and Ghana",10/9/2003,https://www.who.int/emergencies/disease-outbreak-news/item/2003_10_09-en/,Polio,,Burkina Faso,BFA,,1,,,,,,,,,,,,,,,,,,,,,,,,,,,,,,,,,yes,2003,10,22,,,,,,
DON-2003-10-09,"Poliomyelitis in West Africa: Togo, Burkina Faso and Ghana",10/9/2003,https://www.who.int/emergencies/disease-outbreak-news/item/2003_10_09-en/,Polio,,Ghana,GHA,,1,,,,,,,,,,,,,,,,,,,,,,,,,,,,,,,,,yes,2003,10,22,,,,,,
DON-2003-12-17-a,"Severe Acute Respiratory Syndrome (SARS) in Taiwan, China",12/17/2003,https://www.who.int/emergencies/disease-outbreak-news/item/2003_12_17-en/,SARS-CoV,,Taiwan,TWN,,1,,,,,,,,,,,,,,,,,yes,,,,,,,,yes,,,,,,,,yes,,,,,,,,,laboratory acquired
DON-2004-01-06,Ebola haemorrhagic fever in the Republic of the Congo - update 6,1/6/2004,https://www.who.int/emergencies/disease-outbreak-news/item/2004_01_06-en/,Ebola virus,,Republic of the Congo,COG,"Mbomo, Mbandza",35,,,16,29,,,,,,,,,yes,,,,yes,,,,,,,,yes,2003,12,24,yes,,,,yes,,,,,,,,,
DON-2004-01-27-a,Update 4: Review of probable and laboratory-confirmed SARS cases in southern China,1/27/2004,https://www.who.int/emergencies/disease-outbreak-news/item/2004_01_27-en/,SARS-CoV,,China,CHN,Guangdong,,,,3,,,,,,,,,,yes,,,,yes,2004,1,17,,,,,,,,,,,,,yes,,,,,,,,,
DON-2004-02-26-b,Dengue fever in Indonesia,2/26/2004,https://www.who.int/emergencies/disease-outbreak-news/item/2004_02_26a-en/,Dengue fever,,Indonesia,IDN,"Java, Sumatra",14626,,,,260,,,,,,,,,,,,,,,,,,,,,yes,2004,1,1,,,,,yes,,,,,,,,,
DON-2004-04-22,SARS: one suspected case reported in China,4/22/2004,https://www.who.int/emergencies/disease-outbreak-news/item/2004_04_22-en/,SARS-CoV,,China,CHN,Beijing,1,1,,,0,,2004,4,5,yes,2004,4,7,,,,,no,,,,,,,,yes,2004,4,22,,,,,yes,,,,,,,,,
DON-2004-06-07,Ebola haemorrhagic fever in south Sudan - update 4,6/7/2004,https://www.who.int/emergencies/disease-outbreak-news/item/2004_06_07-en/,Ebola virus,,Sudan,SDN,Yambio,28,,,,7,,,,,,,,,,,,,,,,,yes,2004,6,6,,,,,yes,,,,yes,,,,,,,,,
DON-2004-07-14,Shigellosis in Sudan,7/14/2004,https://www.who.int/emergencies/disease-outbreak-news/item/2004_07_14-en/,Dysentery,Shigella,Sudan,SDN,Abu Shoak IDP camp,1340,,,3,11,,2004,5,,,,,,,,,,yes,,,,yes,2004,6,30,,,,,,,,,yes,,,,,,,,,
DON-2004-09-01-b,Rabies in France,9/1/2004,https://www.who.int/emergencies/disease-outbreak-news/item/2004_09_01a-en/,Rabies,,France,FRA,Bordeaux,1,,,0,0,,,,,,,,,,,,,yes,2004,8,26,,,,,yes,,,,,,,,yes,,,,,,,,,
DON-2004-10-25,Avian influenza - situation in Thailand; additional fatal case confirmed,10/25/2004,https://www.who.int/emergencies/disease-outbreak-news/item/2004_10_25-en/,Influenza A,H5N1,Thailand,THA,Sukhothai,17,,,,12,,2004,10,8,,,,,,,,,yes,2004,10,25,,,,,,,,,,,,,,,,,,,,,,
DON-2005-01-13,Avian influenza - situation in VietNam - update 2,1/13/2005,https://www.who.int/emergencies/disease-outbreak-news/item/2005_01_13-en/,Influenza A,H5N1,Vietnam,VNM,Tien Giang,31,,,,23,,2005,1,1,yes,2005,1,5,,,,,yes,,,,,,,,,,,,,,,,yes,,,,,,,,,cases since beginning of outbreak in Jan 2014
DON-2005-01-19-c,Avian influenza - situation in VietNam - update 4,1/19/2005,https://www.who.int/emergencies/disease-outbreak-news/item/2005_01_19b-en/,Influenza A,,Vietnam,VNM,Hanoi,,,,1,0,,,,,,,,,,,,,yes,,,,,,,,,,,,,,,,yes,,,,,,,,,new case
DON-2005-03-01-b,Dengue haemorrhagic fever in Timor-Leste - update 4,3/1/2005,https://www.who.int/emergencies/disease-outbreak-news/item/2005_03_01a-en/,Dengue fever,,Timor-Leste,TLS,"Baucau, Dili, Liquica, Maliana, Manatuto, Viqueque",336,73,,,22,,,,,,,,,,,,,yes,,,,,,,,yes,2005,2,28,yes,,,,yes,,,,,,,,,
DON-2005-03-23-a,Marburg haemorrhagic fever in Angola - update,3/23/2005,https://www.who.int/emergencies/disease-outbreak-news/item/2005_03_23-en/,Marburg fever,,Angola,AGO,Uige Province,102,,,9,95,,,,,,,,,,,,,yes,2005,3,21,,,,,,,,,yes,,,,yes,,,,,,,,,
DON-2005-04-04-b,Marburg haemorrhagic fever in Angola - update 6,4/4/2005,https://www.who.int/emergencies/disease-outbreak-news/item/2005_04_04a-en/,Marburg fever,,Angola,AGO,"Uige, Luanda, Cabinda, Malange, Kuanza Norte",163,,,,150,,,,,,,,,,,,,,,,,,,,,yes,2005,4,2,,,,,yes,,,,,,,,,
DON-2005-04-29,Marburg haemorrhagic fever in Angola - update 16,4/29/2005,https://www.who.int/emergencies/disease-outbreak-news/item/2005_04_29-en/,Marburg fever,,Angola,AGO,Uige,275,,,,255,,,,,,,,,,,,,,,,,,,,,yes,2005,4,27,yes,,,,yes,,,,,,,,,
DON-2005-05-04,Avian influenza - situation in Cambodia  - update 17,5/4/2005,https://www.who.int/emergencies/disease-outbreak-news/item/2005_05_04-en/,Influenza A,,Cambodia,KHM,Kompong Trach district,4,,,,,,,,,,,,,,,,,yes,2005,5,4,,,,,,,,,yes,,,,yes,,,,,,,,,
DON-2005-05-09,Meningococcal disease in India,5/9/2005,https://www.who.int/emergencies/disease-outbreak-news/item/2005_05_09-en/,Meningococcal disease,,India,IND,Delhi (mostly Old Delhi),111,,,5,15,,,,,,,,,,,,,yes,,,,yes,2005,3,29,,,,,yes,,,,yes,,,,,,,,,
DON-2005-05-30-a,Poliomyelitis in Yemen - update,5/30/2005,https://www.who.int/emergencies/disease-outbreak-news/item/2005_05_30-en/,Polio,,Yemen,YEM,"Hudaidah, 11 governorates total",179,,,,,,2005,2,25,,,,,,,,,,,,,yes,2005,4,22,,,,,,,,,yes,2005,5,29,,,,,,
DON-2005-06-08-a,Poliomyelitis in Indonesia - update,6/8/2005,https://www.who.int/emergencies/disease-outbreak-news/item/2005_06_08-en/,Polio,,Indonesia,IDN,Lebak and Serang districts,28,,,,,,,,,,,,,,,,,,,,,,,,,,,,,,,,,,,,,,,,,,
DON-2005-06-16-a,Ebola haemorrhagic fever in the Republic of the Congo - update 2,6/16/2005,https://www.who.int/emergencies/disease-outbreak-news/item/2005_06_16-en/,Ebola virus,,Republic of the Congo,COG,"Etoumbi, Mbomo",12,,,1,9,,,,,,,,,,,,,yes,,,,yes,2005,4,25,,,,,yes,,,,yes,,,,,,,,,
DON-2005-06-17-a,Marburg haemorrhagic fever in Angola - update 22,6/17/2005,https://www.who.int/emergencies/disease-outbreak-news/item/2005_06_17-en/,Marburg fever,,Angola,AGO,Uige,422,,,,356,,,,,,,,,,,,,,,,,,,,,yes,2005,6,16,,,,,yes,,,,,,,,,in Uige province
DON-2005-07-04,Poliomyelitis in Indonesia - update 8,7/4/2005,https://www.who.int/emergencies/disease-outbreak-news/item/2005_07_04-en/,Polio,,Indonesia,IDN,"Banten, West Java",79,,,,,,,,,,,,,,,,,,,,,,,,,,,,,,,,,yes,,,,,,,,,
DON-2005-07-05,Poliomyelitis in Indonesia - update 9,7/5/2005,https://www.who.int/emergencies/disease-outbreak-news/item/2005_07_05-en/,Polio,,Indonesia,IDN,"Banten, Lampung",100,,,,,,,,,,,,,,,,,,,,,,,,,,,,,,,,,yes,,,,,,,,,
DON-2005-07-21-a,Poliomyelitis in Indonesia - update 11,7/21/2005,https://www.who.int/emergencies/disease-outbreak-news/item/2005_07_21-en/,Polio,,Indonesia,IDN,"Bogor, Lebak",153,,,,,,,,,,,,,,,,,yes,2005,7,19,,,,,,,,,,,,,yes,,,,,,,,,
DON-2005-09-06,Poliomyelitis in Ethiopia,9/6/2005,https://www.who.int/emergencies/disease-outbreak-news/item/2005_09_06-en/,Polio,,Ethiopia,ETH,"Oromia, Amhara",15,,,,,,2005,7,1,,,,,,,,,,,,,yes,2005,8,31,,,,,,,,,yes,,,,,,,,,
DON-2005-11-21,Yellow fever in Sudan,11/21/2005,https://www.who.int/emergencies/disease-outbreak-news/item/2005_11_21-en/,Yellow fever,,Sudan,SDN,"Abu Gebiha, Rashad, Dilling, Kadugli, Talodi",404,,,13,118,,,,,,,,,,,,,yes,,,,yes,2005,11,16,,,,,,,,,yes,2005,11,14,,,,,,
DON-2005-11-24,Avian influenza - situation in China - update 42,11/24/2005,https://www.who.int/emergencies/disease-outbreak-news/item/2005_11_24-en/,Influenza A,H5N1,China,CHN,Anhui,,,,3,2,,2005,11,11,yes,2005,11,15,,,,,yes,,,,,,,,,,,,,,,,yes,,,,,,,,,
DON-2006-02-13-a,Avian influenza - situation in Indonesia - update 3,2/13/2006,https://www.who.int/emergencies/disease-outbreak-news/item/2006_02_13-en/,Influenza A,H5N1,Indonesia,IDN,West Java,,,,25,18,,2006,1,25,,,,,,,,,yes,,,,,,,,,,,,,,,,yes,,,,,,,,,
DON-2006-02-13-b,Avian influenza - situation in China - update 4,2/13/2006,https://www.who.int/emergencies/disease-outbreak-news/item/2006_02_13a-en/,Influenza A,H5N1,China,CHN,Hunan,,,,12,8,,2006,1,27,,,,,,,,,yes,,,,,,,,yes,,,,,,,,,,,,,,,,,
DON-2006-03-16,Poliomyelitis in Bangladesh,3/16/2006,https://www.who.int/emergencies/disease-outbreak-news/item/2006_03_16-en/,Polio,,Bangladesh,BGD,Chandpur,,,,1,,,2006,1,23,,,,,,,,,yes,2006,3,8,,,,,yes,,,,,,,,yes,2006,4,16,,,,,,
DON-2006-03-24-b,Poliomyelitis in Somalia,3/24/2006,https://www.who.int/emergencies/disease-outbreak-news/item/2006_03_24a-en/,Polio,,Somalia,SOM,"Lower Juba, Mudug",2,,,,,,,,,,,,,,,,,,,,,yes,,,,,,,,,,,,yes,2006,3,26,,,,,,
DON-2006-04-03-a,Avian influenza - situation in Egypt - update 2,4/3/2006,https://www.who.int/emergencies/disease-outbreak-news/item/2006_04_03-en/,Influenza A,H5N1,Egypt,EGY,,,,,,,,,,,,,,,yes,,,,yes,,,,,,,,,,,,,,,,,,,,,,,,,verification of previous cases by labs in UK; numbers a bit unclear
DON-2006-04-21-b,Avian influenza - situation in Egypt - update 5,4/21/2006,https://www.who.int/emergencies/disease-outbreak-news/item/2006_04_21a-en/,Influenza A,H5N1,Egypt,EGY,Minufiyah,,,,12,4,,2006,4,5,,,,,yes,,,,yes,,,,,,,,yes,,,,,,,,,,,,,,,,,
DON-2006-05-18-c,Avian influenza - situation in Indonesia - update 12,5/18/2006,https://www.who.int/emergencies/disease-outbreak-news/item/2006_05_18b-en/,Influenza A,H5N1,Indonesia,IDN,"Surabaya, Kubu Sembelang, Sumatra",,,,40,31,,2006,4,27,,,,,,,,,yes,,,,,,,,,,,,,,,,yes,,,,,,,,,
DON-2006-06-21-a,Cholera in Angola - update 5,6/21/2006,https://www.who.int/emergencies/disease-outbreak-news/item/2006_06_21-en/,Cholera,,Angola,AGO,14/18 provinces,46758,,,,1893,,,,,,,,,,,,,,,,,,,,,yes,2006,6,19,,,,,yes,,,,,,,,,
DON-2006-07-04,Avian influenza - situation in Indonesia -  update 21,7/4/2006,https://www.who.int/emergencies/disease-outbreak-news/item/2006_07_04-en/,Influenza A,H5N1,Indonesia,IDN,Tulungagung,,,,52,40,,2006,6,8,yes,2006,6,14,,,,,yes,,,,,,,,,,,,,,,,yes,,,,,,,,,
DON-2006-08-14-a,Avian influenza - situation in China - update 14,8/14/2006,https://www.who.int/emergencies/disease-outbreak-news/item/2006_08_14-en/,Influenza A,H5N1,China,CHN,Xinjiang Uygur Autonomous Region,,,,21,14,,2006,6,19,,,,,,,,,yes,,,,,,,,,,,,,,,,yes,,,,,,,,,
DON-2006-08-17,Avian influenza - situation in Indonesia -  update 27,8/17/2006,https://www.who.int/emergencies/disease-outbreak-news/item/2006_08_17-en/,Influenza A,H5N1,Indonesia,IDN,Garut,,,,58,45,,2006,8,1,yes,2006,8,14,,,,,yes,,,,,,,,,,,,,,,,yes,,,,,,,,,
DON-2006-08-21,Avian influenza - situation in Indonesia -  update 28,8/21/2006,https://www.who.int/emergencies/disease-outbreak-news/item/2006_08_21-en/,Influenza A,H5N1,Indonesia,IDN,Cikelet,,,,59,46,,2006,8,8,yes,2006,8,17,,,,,yes,,,,,,,,,,,,,,,,yes,,,,,,,,,
DON-2006-09-19,Avian influenza - situation in Iraq - update 5,9/19/2006,https://www.who.int/emergencies/disease-outbreak-news/item/2006_09_19-en/,Influenza A,H5N1,Iraq,IRQ,Baghdad,2,,,3,,,,,,yes,2006,3,15,,,,,yes,,,,,,,,,,,,,,,,,,,,,,,,,retrospective confirmation
DON-2006-09-25,Avian influenza - situation in Indonesia -  update 32,9/25/2006,https://www.who.int/emergencies/disease-outbreak-news/item/2006_09_25-en/,Influenza A,H5N1,Indonesia,IDN,"East Java, South Jakarta",,,,67,51,,2006,9,13,yes,2006,9,20,,,,,yes,,,,,,,,,,,,,,,,,,,,,,,,,
DON-2006-10-19-a,Poliomyelitis in Kenya,10/19/2006,https://www.who.int/emergencies/disease-outbreak-news/item/2006_10_19-en/,Polio,,Kenya,KEN,Somali refugee camp in Garissa,,,,1,,,2006,9,17,,,,,,,,,,,,,,,,,,,,,,,,,yes,,,,,,,,,WPV1
DON-2006-10-19-b,Yellow fever in Cote d'Ivoire,10/19/2006,https://www.who.int/emergencies/disease-outbreak-news/item/2006_10_19a-en/,Yellow fever,,Cote d'Ivoire,CIV,"Korhogo, Ouaragahio",,,,2,0,,,,,,,,,yes,,,,yes,,,,,,,,yes,2006,10,5,,,,,yes,,,,,,,,,
DON-2006-10-31,Avian influenza - situation in Egypt - update 10,10/31/2006,https://www.who.int/emergencies/disease-outbreak-news/item/2006_10_31-en/,Influenza A,H5N1,Egypt,EGY,,,,,15,7,,,,,,,,,,,,,yes,2006,10,11,,,,,,,,,,,,,,,,,,,,,,death of previous case
DON-2006-12-27-b,Avian influenza - situation in Egypt,12/27/2006,https://www.who.int/emergencies/disease-outbreak-news/item/2006_12_27a-en/,Influenza A,H5N1,Egypt,EGY,Gharbiyah,,,,3,3,,,,,,,,,yes,,,,yes,,,,,,,,yes,,,,,,,,yes,,,,,,,,,3 new cases
DON-2007-01-31-a,Rift Valley Fever in Kenya and Somalia - update 3,1/31/2007,https://www.who.int/emergencies/disease-outbreak-news/item/2007_01_31-en/,Rift Valley fever,,Kenya,KEN,"North Eastern Province, Coast Province, Eastern Province, Central Province",,411,,131,121,,,,,,,,,,,,,yes,,,,,,,,yes,2007,1,30,yes,,,,yes,,,,,,,,,
DON-2007-01-31-a,Rift Valley Fever in Kenya and Somalia - update 3,1/31/2007,https://www.who.int/emergencies/disease-outbreak-news/item/2007_01_31-en/,Rift Valley fever,,Somalia,SOM,,,100,,1,48,,,,,,,,,,,,,yes,,,,,,,,yes,2007,1,30,,,,,yes,,,,,,,,,
DON-2007-02-19,Avian influenza - situation in Egypt - update 6,2/19/2007,https://www.who.int/emergencies/disease-outbreak-news/item/2007_02_19-en/,Influenza A,H5N1,Egypt,EGY,Sharkia,,,,22,13,,,,,yes,2007,2,14,yes,,,,yes,,,,,,,,,,,,,,,,yes,,,,,,,,,
DON-2007-03-23,Rift Valley Fever in the United Republic of Tanzania,3/23/2007,https://www.who.int/emergencies/disease-outbreak-news/item/2007_03_23-en/,Rift Valley fever,,United Republic of Tanzania,TZA,"Arusha, Tanga, Dodoma, Morogoro",,122,,12,12,,2007,1,18,,,,,,,,,yes,,,,,,,,yes,,,,,,,,yes,,,,,,,,,different clusters; numbers a bit unclear
DON-2007-03-27,Avian influenza - situation in Egypt - update 11,3/27/2007,https://www.who.int/emergencies/disease-outbreak-news/item/2007_03_27-en/,Influenza A,H5N1,Egypt,EGY,Aswan,,,,27,13,,2007,3,22,yes,2007,3,24,yes,,,,yes,,,,,,,,,,,,,,,,yes,,,,,,,,,
DON-2007-05-29,Avian influenza A/(H7N2) in the United Kingdom,5/29/2007,https://www.who.int/emergencies/disease-outbreak-news/item/2007_05_29-en/,Influenza A,H7N2,United Kingdom,GBR,Corwen Farm (Wales),,,,4,,,2007,5,8,,,,,,,,,yes,2007,5,24,,,,,yes,2007,5,25,,,,,,,,,,,,,,
DON-2007-06-29,Avian influenza - situation in VietNam,6/29/2007,https://www.who.int/emergencies/disease-outbreak-news/item/2007_06_29-en/,Influenza A,H5N1,Vietnam,VNM,"Vinh Phuc, Thai Nguyen",,,,2,0,,2007,5,10,yes,2007,5,15,yes,,,,yes,,,,,,,,,,,,,,,,,,,,,,,,,
DON-2007-07-30,Poliomyelitis in Angola and the Democratic Republic of the Congo,7/30/2007,https://www.who.int/emergencies/disease-outbreak-news/item/2007_07_30-en/,Polio,,Angola,AGO,"Luanda, Benguele",8,,,,,,,,,,,,,,,,,,,,,,,,,,,,,,,,,yes,2007,7,25,,,,,,
DON-2007-07-30,Poliomyelitis in Angola and the Democratic Republic of the Congo,7/30/2007,https://www.who.int/emergencies/disease-outbreak-news/item/2007_07_30-en/,Polio,,Democratic Republic of the Congo,COD,Equator province,26,,,,,,,,,,,,,,,,,yes,2007,7,25,,,,,,,,,,,,,yes,2007,7,25,,,,,,
DON-2007-08-31-a,Avian influenza - situation in VietNam - update,8/31/2007,https://www.who.int/emergencies/disease-outbreak-news/item/2007_08_31-en/,Influenza A,H5N1,Vietnam,VNM,"Ha Nam, Thanh Hoa, Ha Tay",,,,5,2,,2007,5,30,yes,2007,5,31,,,,,yes,,,,,,,,,,,,,,,,yes,,,,,,,,,WHO introduced External Quality Assessment Project and amended criteria for confirmed cases --> confirms 5 additional cases and 2 deaths
DON-2007-10-03-b,Ebola haemorrhagic fever in the Democratic Republic of the Congo - update 4,10/3/2007,https://www.who.int/emergencies/disease-outbreak-news/item/2007_10_03a-en/,Ebola virus,,Democratic Republic of the Congo,COD,Kasai Occidental,76,,,25,,,,,,,,,,,,,,yes,,,,,,,,yes,2007,10,2,,,,,yes,,,,,,,,,
DON-2007-10-17,Avian influenza - situation in Indonesia - update 20,10/17/2007,https://www.who.int/emergencies/disease-outbreak-news/item/2007_10_17-en/,Influenza A,H5N1,Indonesia,IDN,Tangerang,,,,109,88,,,,,,,,,,,,,yes,,,,,,,,,,,,,,,,,,,,,,,,,death of previous case
DON-2007-11-07,Rift Valley Fever in Sudan - update,11/7/2007,https://www.who.int/emergencies/disease-outbreak-news/item/2007_11_07-en/,Rift Valley fever,,Sudan,SDN,"White Nile, Sinnar, Gezeera",228,,,25,84,,,,,,,,,,,,,,,,,,,,,yes,2007,11,7,,,,,,,,,,,,,,
DON-2007-12-04,Avian influenza - situation in China - update 4,12/4/2007,https://www.who.int/emergencies/disease-outbreak-news/item/2007_12_04-en/,Influenza A,H5N1,China,CHN,Jiangsu,,,,26,17,,2007,11,24,yes,2007,11,27,,,,,yes,2007,12,2,yes,,,,yes,,,,,,,,yes,,,,,,,,,
DON-2007-12-09,Avian influenza - situation in China - update 5,12/9/2007,https://www.who.int/emergencies/disease-outbreak-news/item/2007_12_09-en/,Influenza A,H5N1,China,CHN,Jiangsu,,,,27,17,,2007,12,3,yes,2007,12,3,,,,,yes,2007,12,6,,,,,yes,,,,,,,,yes,,,,,,,,,
DON-2007-12-12,Avian influenza - situation in Indonesia - update 25,12/12/2007,https://www.who.int/emergencies/disease-outbreak-news/item/2007_12_12-en/,Influenza A,H5N1,Indonesia,IDN,Tangerang,,,,114,92,,2007,12,1,yes,2007,12,7,,,,,yes,,,,,,,,,,,,,,,,yes,,,,,,,,,
DON-2007-12-14,Avian influenza - situation in Myanmar,12/14/2007,https://www.who.int/emergencies/disease-outbreak-news/item/2007_12_14-en/,Influenza A,H5N1,Myanmar,MMR,Kyaing Tone Township,,,,1,0,,2007,11,21,yes,2007,11,27,yes,,,,yes,,,,,,,,,,,,,,,,yes,,,,,,,,,
DON-2007-12-26-a,Avian influenza - situation in Indonesia - update 28,12/26/2007,https://www.who.int/emergencies/disease-outbreak-news/item/2007_12_26-en/,Influenza A,H5N1,Indonesia,IDN,West Jakarta,,,,116,94,,2007,12,14,yes,2007,12,19,,,,,yes,,,,,,,,,,,,,,,,yes,,,,,,,,,
DON-2008-01-22,Rift Valley Fever in Sudan - update 5,1/22/2008,https://www.who.int/emergencies/disease-outbreak-news/item/2008_01_22-en/,Rift Valley fever,,Sudan,SDN,"Gazeera, Kassala, Khartoum, River Nile, Sinnar and White Nile",698,,,,222,,,,,,,,,,,,,,,,,yes,2008,1,15,,,,,,,,,yes,,,,,,,,,
DON-2008-02-26-a,Avian influenza - situation in China - update 2,2/26/2008,https://www.who.int/emergencies/disease-outbreak-news/item/2008_02_26-en/,Influenza A,H5N1,China,CHN,Haifeng,,,,30,20,,2008,2,16,yes,2008,2,22,,,,,yes,2008,2,25,,,,,yes,,,,,,,,yes,,,,,,,,,
DON-2008-03-11,Avian influenza - situation in Egypt - update 7,3/11/2008,https://www.who.int/emergencies/disease-outbreak-news/item/2008_03_11-en/,Influenza A,H5N1,Egypt,EGY,Etsa,,,,47,20,,,,,yes,3008,3,3,,,,,yes,,,,,,,,,,,,,,,,yes,,,,,,,,,
DON-2008-09-29-a,Yellow fever in Guinea,9/29/2008,https://www.who.int/emergencies/disease-outbreak-news/item/2008_09_29-en/,Yellow fever,,Guinea,GIN,"Bounouma, Urbain",,14,,2,1,,2008,7,26,,,,,,,,,yes,,,,,,,,yes,2008,8,20,,,,,yes,2008,9,5,,,,,,
DON-2009-01-07-b,Avian influenza - situation in China,1/7/2009,https://www.who.int/emergencies/disease-outbreak-news/item/2009_01_07a-en/,Influenza A,H5N1,China,CHN,Chaoyang District,,,,31,21,,2008,12,24,,,,,,,,,yes,,,,,,,,yes,,,,,,,,yes,,,,,,,,,
DON-2009-01-14-b,Avian influenza - situation in Egypt - update,1/14/2009,https://www.who.int/emergencies/disease-outbreak-news/item/2009_01_14a-en/,Influenza A,H5N1,Egypt,EGY,6th October Governorate,,,,52,23,,2009,1,9,yes,2009,1,10,yes,,,,yes,,,,,,,,,,,,,,,,yes,,,,,,,,,
DON-2009-02-11,Avian influenza - situation in VietNam - update,2/11/2009,https://www.who.int/emergencies/disease-outbreak-news/item/2009_02_11-en/,Influenza A,H5N1,Vietnam,VNM,Dam Ha,,,,108,52,,2009,1,28,yes,2009,1,31,,,,,yes,,,,,,,,,,,,,,,,yes,,,,,,,,,
DON-2009-02-19,Meningococcal disease in Nigeria,2/19/2009,https://www.who.int/emergencies/disease-outbreak-news/item/2009_02_19-en/,Meningococcal disease,,Nigeria,NGA,,,1364,,,108,,,,,,,,,,,,,yes,,,,,,,,yes,2009,2,8,,,,,yes,,,,,,,,,
DON-2009-03-23-a,Cholera in Zimbabwe - update 3,3/23/2009,https://www.who.int/emergencies/disease-outbreak-news/item/2009_03_23-en/,Cholera,,Zimbabwe,ZWE,,91164,,,,4037,,,,,,,,,,,,,,,,,,,,,yes,2008,8,,,,,,yes,,,,,,,,,decreasing trend
DON-2009-04-08-a,Avian influenza - situation in VietNam - update 5,4/8/2009,https://www.who.int/emergencies/disease-outbreak-news/item/2009_04_08-en/,Influenza A,H5N1,Vietnam,VNM,Chau Thanh,,,,110,55,,2009,3,12,yes,2009,3,13,,,,,yes,,,,,,,,yes,,,,,,,,yes,,,,,,,,,
DON-2009-04-21,Avian influenza - situation in Egypt - update 12,4/21/2009,https://www.who.int/emergencies/disease-outbreak-news/item/2009_04_21-en/,Influenza A,H5N1,Egypt,EGY,"El Marg, Kellin",,,,66,23,,2009,4,6,yes,2009,4,11,yes,,,,yes,,,,,,,,yes,,,,,,,,yes,,,,,,,,,
DON-2009-05-02-a,Influenza A(H1N1) - update 9,5/2/2009,https://www.who.int/emergencies/disease-outbreak-news/item/2009_05_02-en/,Influenza A,H1N1,Global,,15 countries,,,,615,17,,,,,,,,,,,,,yes,,,,,,,,yes,2009,5,2,,,,,,,,,,,,,,
DON-2009-05-03-b,Influenza A(H1N1) - update 12,5/3/2009,https://www.who.int/emergencies/disease-outbreak-news/item/2009_05_03a-en/,Influenza A,H1N1,Global,,18 countries,,,,898,20,,,,,,,,,,,,,yes,,,,,,,,yes,2009,5,3,,,,,,,,,,,,,,
DON-2009-05-06-c,Avian influenza - situation in Egypt - update 14,5/6/2009,https://www.who.int/emergencies/disease-outbreak-news/item/2009_05_06b-en/,Influenza A,H5N1,Egypt,EGY,Tanta,,,,68,23,,2009,4,21,yes,2009,4,21,yes,,,,yes,2009,4,23,,,,,yes,,,,,,,,yes,,,,,,,,,
DON-2009-06-10,Influenza A(H1N1) - update 46,6/10/2009,https://www.who.int/emergencies/disease-outbreak-news/item/2009_06_10a-en/,Influenza A,H1N1,Global,,74 countries,,,,27737,141,,,,,,,,,,,,,yes,,,,,,,,yes,2009,6,10,,,,,,,,,,,,,,
DON-2009-07-06,Pandemic (H1N1) 2009 - update 58,7/6/2009,https://www.who.int/emergencies/disease-outbreak-news/item/2009_07_06-en/,Influenza A,H1N1,Global,,,,,,94512,429,,,,,,,,,,,,,yes,,,,,,,,yes,,,,,,,,,,,,,,,,,
DON-2009-07-27,Pandemic (H1N1) 2009 - update 59,7/27/2009,https://www.who.int/emergencies/disease-outbreak-news/item/2009_07_27-en/,Influenza A,H1N1,Global,,,,,,134503,816,,,,,,,,,,,,,yes,,,,,,,,yes,,,,,,,,,,,,,,,,,
DON-2009-11-27-a,Avian influenza - situation in Egypt - update 25,11/27/2009,https://www.who.int/emergencies/disease-outbreak-news/item/2009_11_27-en/,Influenza A,H5N1,Egypt,EGY,Minia,,,,89,27,,2009,11,21,yes,2009,11,22,,,,,yes,,,,,,,,yes,,,,,,,,yes,,,,,,,,,
DON-2009-12-21,Avian influenza - situation in Egypt - update 26,12/21/2009,https://www.who.int/emergencies/disease-outbreak-news/item/2009_12_21-en/,Influenza A,H5N1,Egypt,EGY,El Tanta,,,,90,27,,2009,12,15,,,,,,,,,yes,,,,,,,,yes,2009,12,19,,,,,yes,,,,,,,,,
DON-2010-03-04-b,Avian influenza - situation in VietNam - update 8,3/4/2010,https://www.who.int/emergencies/disease-outbreak-news/item/2010_03_04a-en/,Influenza A,H5N1,Vietnam,VNM,"Ninh Hoa, Cai Be, Son Duong",,,,115,58,,2010,1,27,yes,2010,1,28,,,,,yes,,,,,,,,yes,,,,,,,,yes,,,,,,,,,
DON-2010-05-07,Pandemic (H1N1) 2009 - update 99,5/7/2010,https://www.who.int/emergencies/disease-outbreak-news/item/2010_05_07-en/,Influenza A,H1N1,Global,,"parts of West Africa, the Caribbean, and Southeast Asia",,,,,18001,,,,,,,,,,,,,yes,,,,,,,,yes,2010,5,2,,,,,yes,,,,,,,,,
DON-2010-05-21,Pandemic (H1N1) 2009 - update 101,5/21/2010,https://www.who.int/emergencies/disease-outbreak-news/item/2010_05_21-en/,Influenza A,H1N1,Global,,parts of the Caribbean and Southeast Asia,,,,,18097,,,,,,,,,,,,,yes,,,,,,,,yes,2010,5,16,,,,,yes,,,,,,,,,
DON-2010-07-09,Pandemic (H1N1) 2009 - update 108,7/9/2010,https://www.who.int/emergencies/disease-outbreak-news/item/2010_07_09-en/,Influenza A,H1N1,Global,,"South and Southeast Asia, the Caribbean and West Africa",,,,,18311,,,,,,,,,,,,,yes,,,,,,,,yes,2010,7,4,,,,,yes,,,,,,,,,
DON-2010-11-09,Polio in Congo - update,11/9/2010,https://www.who.int/emergencies/disease-outbreak-news/item/2010_11_09-en/,Polio,,Republic of the Congo,COG,"Pointe Noire, Niari, Bouenza, Brazzaville, and Kouilou",184,,,4,85,,,,,,,,,,,,,yes,,,,,,,,,,,,yes,,,,yes,,,,,,,,,
DON-2011-01-13,Avian influenza - situation in Egypt - update 41,1/13/2011,https://www.who.int/emergencies/disease-outbreak-news/item/2011_01_12-en/,Influenza A,H5N1,Egypt,EGY,Giza,,,,120,40,,2011,1,5,yes,2011,1,8,,,,,yes,,,,,,,,,,,,,,,,yes,,,,,,,,,
DON-2011-02-01-b,Avian influenza - situation in Egypt - update 43,2/1/2011,https://www.who.int/emergencies/disease-outbreak-news/item/2011_02_02-en/,Influenza A,H5N1,Egypt,EGY,Gharbia,,,,122,40,,2011,1,20,yes,2011,1,20,,,,,yes,,,,,,,,,,,,,,,,yes,,,,,,,,,
DON-2011-02-28,Avian influenza - situation in Egypt - update 44,2/28/2011,https://www.who.int/emergencies/disease-outbreak-news/item/2011_02_28-en/,Influenza A,H5N1,Egypt,EGY,"Dakahlia, Menofia, Damiata",,,,125,41,,2011,1,18,yes,2011,1,23,,,,,yes,,,,,,,,,,,,,,,,yes,,,,,,,,,
DON-2011-03-10,Avian influenza - situation in Egypt - update 46,3/10/2011,https://www.who.int/emergencies/disease-outbreak-news/item/2011_03_10-en/,Influenza A,H5N1,Egypt,EGY,"Behira, Dakahlia",43,,,129,,,2011,2,24,yes,2011,2,26,,,,,yes,,,,,,,,,,,,,,,,yes,,,,,,,,,
DON-2011-03-14,Avian influenza - situation in Indonesia - update,3/14/2011,https://www.who.int/emergencies/disease-outbreak-news/item/2011_03_14-en/,Influenza A,H5N1,Indonesia,IDN,"Depok, Bekasi",,,,174,144,,2011,2,3,yes,2011,2,5,,,,,yes,,,,,,,,,,,,,,,,yes,,,,,,,,,
DON-2011-07-07,Poliomyelitis in Pakistan,7/7/2011,https://www.who.int/emergencies/disease-outbreak-news/item/2011_07_07-en/,Polio,WPV: WPV3,Pakistan,PAK,Khuber Agency,1,,,,,yes,2011,6,9,,,,,,,,,,,,,,,,,yes,,,,,,,,yes,2011,7,4,,,,,,high risk of spread with Umrah and upcoming Hajj
DON-2011-07-22,Cholera outbreaks in the Democratic Republic of Congo (DRC) and the Republic of Congo,7/22/2011,https://www.who.int/emergencies/disease-outbreak-news/item/2011_07_22-en/,Cholera,,Democratic Republic of the Congo,COD,"Bandundu, Equateur, Kinshasa and P Orientale",3896,,,,265,,,,,,,,,,,,,,,,,yes,2011,3,,,,,,,,,,yes,,,,,,,,,
DON-2011-07-22,Cholera outbreaks in the Democratic Republic of Congo (DRC) and the Republic of Congo,7/22/2011,https://www.who.int/emergencies/disease-outbreak-news/item/2011_07_22-en/,Cholera,,Republic of the Congo,COG,"Brazzaville, Cuvette, Likouala and Plateaux",,181,,4,6,,,,,,,,,,,,,yes,,,,yes,2011,6,14,,,,,,,,,yes,,,,,,,,,
DON-2011-09-01,Wild poliovirus confirmed in China,9/1/2011,https://www.who.int/emergencies/disease-outbreak-news/item/2011_09_01-en/,Polio,WPV: WPV1,China,CHN,Hotan Prefecture,,,,4,,,2011,7,3,,,,,,,,,yes,,,,,,,,yes,,,,,,,,yes,,,,,,,,,related to pakistan strain
DON-2011-11-24,Influenza like illness in the United States of America,11/24/2011,https://www.who.int/emergencies/disease-outbreak-news/item/2011_11_24-en/,Influenza A,H3N2: S-OtrH3N2,United States of America,USA,Iowa,,,,3,0,,2011,11,10,,,,,yes,2011,11,20,yes,2011,11,18,,,,,yes,,,,,,,,yes,,,,,,,,,
DON-2012-01-18,Avian influenza - situation in Cambodia - update,1/18/2012,https://www.who.int/emergencies/disease-outbreak-news/item/2012_01_18-en/,Influenza A,H5N1,Cambodia,KHM,,19,,,,17,,,,,,,,,,,,,,,,,,,,,,,,,,,,,,,,,,,,,,death update (from 1/16)
DON-2012-02-03-b,Yellow fever in Ghana,2/3/2012,https://www.who.int/emergencies/disease-outbreak-news/item/2012_02_03b-en/,Yellow fever,,Ghana,GHA,"Builsa, Kassena-Nankana-West, Kitampo-South",,,,3,2,,2011,10,11,,,,,,,,,yes,,,,,,,,yes,2011,12,20,,,,,yes,2011,11,,,,,,,
DON-2012-02-24,Avian influenza - situation in Egypt - update,2/24/2012,https://www.who.int/emergencies/disease-outbreak-news/item/2012_02_24-en/,Influenza A,H5N1,Egypt,EGY,Gharbeia,,,,161,55,,2012,2,14,yes,2012,2,15,,,,,yes,,,,,,,,yes,,,,,,,,yes,,,,,,,,,
DON-2012-04-04,Lassa fever in Nigeria,4/4/2012,https://www.who.int/emergencies/disease-outbreak-news/item/2012_04_04-en/,Lassa fever,,Nigeria,NGA,,,623,,,70,,,,,,,,,,,,,yes,,,,,,,,yes,2012,,,yes,,,,yes,,,,,,,,,
DON-2012-04-12,Avian influenza - situation in Egypt - update,4/12/2012,https://www.who.int/emergencies/disease-outbreak-news/item/2012_04_12-en/,Influenza A,H5N1,Egypt,EGY,Giza,,,,167,60,,2012,4,1,yes,2012,4,7,,,,,yes,,,,,,,,yes,,,,,,,,yes,,,,,,,,,
DON-2012-07-23,Cholera outbreaks in the Democratic Republic of Congo (DRC),7/23/2012,https://www.who.int/emergencies/disease-outbreak-news/item/2012_07_23-en/,Cholera,,Democratic Republic of the Congo,COD,"North Kivu: Birambizo, Goma, Karisimbi, Kiroshe, Mutwanga, Mweso and Rwanguba",368,,,,,,,,,,,,,,,,,yes,,,,yes,2012,6,11,yes,,,,yes,,,,yes,,,,,,,,,
DON-2012-10-31,Marburg haemorrhagic fever in Uganda - update,10/31/2012,https://www.who.int/emergencies/disease-outbreak-news/item/2012_10_31-en/,Marburg fever,,Uganda,UGA,"Kabale, Kampala, Ibanda, Mbarara, Kabarole",18,,,,9,,,,,,,,,,,,,yes,,,,,,,,yes,2012,10,28,yes,,,,yes,,,,,,,,,
DON-2013-04-04,Human infection with influenza A(H7N9) virus in China - update,4/4/2013,https://www.who.int/emergencies/disease-outbreak-news/item/2013_04_04-en/,Influenza A,H7N9,China,CHN,"Zhejiang, Shanghai",11,,,11,5,,2013,3,7,,,,,,,,,yes,,,,,,,,yes,2013,4,4,,,,,yes,,,,,,,,,
DON-2013-04-18,Human infection with avian influenza A(H7N9) virus in China - update,4/18/2013,https://www.who.int/emergencies/disease-outbreak-news/item/2013_04_18-en/,Influenza A,H7N9,China,CHN,"Anhui, Henan, Jiangsu, Zhejiang, Beijing, Shanghai",,,,87,17,,,,,,,,,,,,,yes,,,,,,,,yes,2013,4,18,,,,,yes,,,,,,,,,
DON-2013-05-03,Novel coronavirus infection - update,5/3/2013,https://www.who.int/emergencies/disease-outbreak-news/item/2013_05_03_ncov-en/,MERS-CoV,,Saudi Arabia,SAU,,27,,,27,16,,,,,,,,,,,,,yes,,,,,,,,yes,2013,5,3,,,,,,,,,,,,,,global total
DON-2013-05-29-a,Human infection with avian influenza A(H7N9) virus - update,5/29/2013,https://www.who.int/emergencies/disease-outbreak-news/item/2013_05_29-en/,Influenza A,H7N9,China,CHN,Beijing,,,,132,37,,2013,5,21,,,,,,,,,yes,,,,,,,,yes,,,,,,,,yes,,,,,,,,,
DON-2013-06-03-b,Middle East respiratory syndrome coronavirus (MERS-CoV) - update,6/3/2013,https://www.who.int/emergencies/disease-outbreak-news/item/2013_06_05-en/,MERS-CoV,,Saudi Arabia,SAU,Eastern,,,,54,30,,2013,5,29,,,,,,,,,yes,,,,,,,,yes,,,,,,,,,,,,,,,,,global total
DON-2013-06-14-b,Yellow fever in the Democratic Republic of Congo,6/14/2013,https://www.who.int/emergencies/disease-outbreak-news/item/2013_06_14_yellowfever-en/,Yellow fever,,Democratic Republic of the Congo,COD,"Lubao, Kamana, Ludibi-Lukula",,51,,6,19,,2013,3,1,,,,,,,,,yes,2013,6,6,,,,,,,,,,,,,yes,2013,6,20,,,,,,mass vaccination campaign
DON-2013-06-15,Middle East respiratory syndrome coronavirus (MERS-CoV) - update,6/15/2013,https://www.who.int/emergencies/disease-outbreak-news/item/2013_06_15-en/,MERS-CoV,,Saudi Arabia,SAU,"Taif, Wadi Al-Dawaser",,,,61,34,,2013,5,29,,,,,,,,,yes,,,,,,,,,,,,,,,,,,,,,,,,,global total
DON-2013-06-23,Middle East respiratory syndrome coronavirus (MERS-CoV) - update,6/23/2013,https://www.who.int/emergencies/disease-outbreak-news/item/2013_06_23-en/,MERS-CoV,,Saudi Arabia,SAU,"Riyadh, Eastern",,,,70,39,,,,,,,,,,,,,yes,,,,,,,,,,,,,,,,,,,,,,,,,global total
DON-2013-07-04,Human infection with avian influenza A(H7N9) virus - update,7/4/2013,https://www.who.int/emergencies/disease-outbreak-news/item/2013_07_04-en/,Influenza A,H7N9,China,CHN,Jiangsu,,,,133,43,,2013,4,25,yes,2013,4,26,,,,,yes,,,,,,,,yes,,,,,,,,yes,,,,,,,,,
DON-2013-07-05,Middle East respiratory syndrome coronavirus (MERS-CoV) - update,7/5/2013,https://www.who.int/emergencies/disease-outbreak-news/item/2013_07_05-en/,MERS-CoV,,Saudi Arabia,SAU,"Riyadh, Al-Ahsa",,,,79,42,,,,,yes,2013,6,28,,,,,yes,,,,,,,,,,,,,,,,,,,,,,,,,global total
DON-2013-07-15,Poliovirus detected from environmental samples in Israel - update,7/15/2013,https://www.who.int/emergencies/disease-outbreak-news/item/2013_07_15-en/,Polio,WPV: WPV1,Israel,ISR,,0,,,0,0,,,,,,,,,,,,,yes,,,,,,,,,,,,,,,,yes,,,,,,,,,found in environmental samples
DON-2013-08-30,Middle East respiratory syndrome coronavirus (MERS-CoV) - update,8/30/2013,https://www.who.int/emergencies/disease-outbreak-news/item/2013_08_30-en/,MERS-CoV,,Saudi Arabia,SAU,"Medina, Hafar al-Batin",,,,108,50,,2013,8,8,,,,,,,,,yes,,,,,,,,yes,,,,,,,,,,,,,,,,,global total
DON-2013-09-07,Middle East respiratory syndrome coronavirus (MERS-CoV) - update,9/7/2013,https://www.who.int/emergencies/disease-outbreak-news/item/2013_09_07-en/,MERS-CoV,,Saudi Arabia,SAU,"Riyadh, Hafar al-Batin",,,,114,54,,2013,8,15,,,,,,,,,yes,,,,,,,,yes,,,,,,,,,,,,,,,,,global total
DON-2013-11-10,Middle East respiratory syndrome coronavirus (MERS-CoV) - update,11/10/2013,https://www.who.int/emergencies/disease-outbreak-news/item/2013_11_10-en/,MERS-CoV,,Qatar,QAT,,,,,151,64,,2013,10,25,yes,2013,10,31,,,,,yes,,,,,,,,yes,,,,,,,,,,,,,,,,,global total
DON-2013-11-29,Middle East respiratory syndrome coronavirus (MERS-CoV) - update,11/29/2013,https://www.who.int/emergencies/disease-outbreak-news/item/2013_11_29-en/,MERS-CoV,,Qatar,QAT,,,,,160,68,,,,,,,,,yes,,,,yes,,,,,,,,yes,2013,11,27,,,,,yes,,,,,,,,,*report about finding MERS in a camel barn
DON-2014-01-09-b,Human infection with avian influenza A(H5N1) virus - update,1/9/2014,https://www.who.int/emergencies/disease-outbreak-news/item/2014_01_09_h5n1-en/,Influenza A,H5N1,Canada,CAN,,1,,,1,1,,2013,12,27,,,,,,,,,yes,,,,,,,,,,,,,,,,yes,,,,,,,,,
DON-2014-01-22,Human infection with avian influenza A(H7N9) virus - update,1/22/2014,https://www.who.int/emergencies/disease-outbreak-news/item/2014_01_22-en/,Influenza A,H7N9,China,CHN,"Shanghai, Hangzhou, Jiaxing, Ningbo",,,,5,2,,2014,1,11,yes,2014,1,15,,,,,yes,,,,,,,,yes,2014,1,20,yes,,,,yes,,,,,,,,,not a total
DON-2014-01-29,Human infection with avian influenza A(H7N9) virus - update,1/29/2014,https://www.who.int/emergencies/disease-outbreak-news/item/2014_01_29-en/,Influenza A,H7N9,China,CHN,"Suzhou, Yueyang, Xiamen, Sanming, Shenzhen, Jiangmen",,,,6,1,,2014,1,15,yes,2014,1,21,,,,,yes,,,,,,,,yes,2014,1,27,yes,,,,yes,,,,,,,,,not a total
DON-2014-01-31,Human infection with avian influenza A(H7N9) virus - update,1/31/2014,https://www.who.int/emergencies/disease-outbreak-news/item/2014_01_31-en/,Influenza A,H7N9,China,CHN,"Wenzhou, Hangzhou, Xiamen, Guangzhou",,,,6,1,,2014,1,19,yes,2014,1,27,,,,,yes,,,,,,,,yes,2014,1,29,yes,,,,yes,,,,,,,,,not a total
DON-2014-02-04-a,Human infection with avian influenza A(H7N9) virus - update,2/4/2014,https://www.who.int/emergencies/disease-outbreak-news/item/2014_02_04-en/,Influenza A,H7N9,China,CHN,"Taizhou, Yongzhou, Xiamen, Zhongshan, Shenzhen",,,,5,1,,2014,1,28,yes,2014,1,31,,,,,yes,,,,,,,,yes,2014,2,2,yes,,,,yes,,,,,,,,,not a total
DON-2014-02-05-a,Human infection with avian influenza A(H7N9) virus - update,2/5/2014,https://www.who.int/emergencies/disease-outbreak-news/item/2014_02_05-en/,Influenza A,H7N9,China,CHN,"Zhangzhou, Loudi, Zhongshan, Huizhou",,,,4,1,,2014,1,21,yes,2014,1,31,,,,,yes,,,,,,,,yes,2014,2,3,yes,,,,yes,,,,,,,,,not a total
DON-2014-02-27-a,Human infection with avian influenza A(H7N9) virus - update,2/27/2014,https://www.who.int/emergencies/disease-outbreak-news/item/2014_02_27-en/,Influenza A,H7N9,China,CHN,"Jiangmen, Guangzhou, Fohan",,,,5,0,,2014,2,16,yes,2014,2,20,,,,,yes,,,,,,,,yes,2014,2,24,yes,,,,yes,,,,,,,,,not a total
DON-2014-03-03,Human infection with avian influenza A(H7N9) virus - update,3/3/2014,https://www.who.int/emergencies/disease-outbreak-news/item/2014_03_03-en/,Influenza A,H7N9,China,CHN,"Jinhua, Guangzhou, Huaian, Yongzhou, Fuchuan",,,,8,0,,2014,2,23,yes,2014,2,25,,,,,yes,,,,,,,,yes,2014,3,1,yes,,,,yes,,,,,,,,,not a total
DON-2014-03-17-b,Human infection with avian influenza A(H7N9) virus - update,3/17/2014,https://www.who.int/emergencies/disease-outbreak-news/item/2014_03_17_h7n9-en/,Influenza A,H7N9,China,CHN,"Hefei, Shenzhen",,,,2,0,,2014,3,7,yes,2014,3,10,,,,,yes,,,,,,,,yes,2014,3,14,yes,,,,yes,,,,,,,,,not a total
DON-2014-03-18,Middle East respiratory syndrome coronavirus (MERS-CoV) - update,3/18/2014,https://www.who.int/emergencies/disease-outbreak-news/item/2014_03_18-en/,MERS-CoV,,Saudi Arabia,SAU,Riyadh,,,,196,83,,2014,2,24,yes,2014,3,1,,,,,yes,,,,,,,,yes,2014,3,14,,,,,yes,,,,,,,,,global total
DON-2014-03-24,Ebola virus disease in Guinea - update,3/24/2014,https://www.who.int/emergencies/disease-outbreak-news/item/2014_03_24_ebola-en/,Ebola virus,,Guinea,GIN,Southeastern Guinea,86,,,,59,,,,,,,,,,,,,,,,,,,,,yes,2014,3,24,,,,,,,,,,,,,,
DON-2014-04-11-a,Human infection with avian influenza A(H7N9) virus - update,4/11/2014,https://www.who.int/emergencies/disease-outbreak-news/item/2014_04_11_h7n9-en/,Influenza A,H7N9,China,CHN,"Hong Kong, Anqing",,,,2,0,,2014,4,1,yes,2014,4,5,,,,,yes,,,,,,,,yes,2014,4,10,yes,,,,yes,,,,,,,,,not a total
DON-2014-04-14-c,Middle East respiratory syndrome coronavirus (MERS-CoV) - update,4/14/2014,https://www.who.int/emergencies/disease-outbreak-news/item/2014_04_14_mers-en/,MERS-CoV,,Saudi Arabia,SAU,"Jeddah, Riyadh",,,,228,92,,2014,3,16,yes,2014,3,19,,,,,yes,,,,,,,,yes,2014,4,11,,,,,yes,,,,,,,,,global total
DON-2014-04-14-c,Middle East respiratory syndrome coronavirus (MERS-CoV) - update,4/14/2014,https://www.who.int/emergencies/disease-outbreak-news/item/2014_04_14_mers-en/,MERS-CoV,,United Arab Emirates,ARE,Abu Dhabi,,,,,,,2014,4,6,yes,2014,4,7,,,,,yes,,,,,,,,yes,2014,4,10,,,,,yes,,,,,,,,,
DON-2014-04-16-a,Human infection with avian influenza A(H7N9) virus - update,4/16/2014,https://www.who.int/emergencies/disease-outbreak-news/item/2014_04_16_h7n9-en/,Influenza A,H7N9,China,CHN,Hengyang,,,,1,0,,2014,4,19,yes,2014,4,13,,,,,yes,,,,,,,,yes,2014,4,15,yes,,,,yes,,,,,,,,,not a total
DON-2014-04-17-c,"Update on polio in central Africa - polio confirmed in Equatorial Guinea, linked to outbreak in Cameroon",4/17/2014,https://www.who.int/emergencies/disease-outbreak-news/item/2014_4_17polio-en/,Polio,WPV: WPV1,Equitorial Guinea,GNQ,,,,,3,,,,,,,,,,,,,,yes,,,,,,,,yes,2014,4,14,,,,,yes,,,,,,,,,
DON-2014-04-17-c,"Update on polio in central Africa - polio confirmed in Equatorial Guinea, linked to outbreak in Cameroon",4/17/2014,https://www.who.int/emergencies/disease-outbreak-news/item/2014_4_17polio-en/,Polio,WPV: WPV1,Cameroon,CMR,,,,,3,,,,,,,,,,,,,,yes,,,,,,,,,,,,,,,,yes,,,,,,,,,
DON-2014-04-26,Middle East respiratory syndrome coronavirus (MERS-CoV) - update,4/26/2014,https://www.who.int/emergencies/disease-outbreak-news/item/2014_04_26_mers-en/,MERS-CoV,,United Arab Emirates,ARE,Abu Dhabi,,,,261,93,,,,,yes,2014,4,10,,,,,yes,,,,,,,,yes,2014,4,26,,,,,yes,,,,,,,,,*discrepency in notification date// global total
DON-2014-05-01-a,Human infection with avian influenza A(H7N9) virus - update,5/1/2014,https://www.who.int/emergencies/disease-outbreak-news/item/2014_05_01_h7n9-en/,Influenza A,H7N9,China,CHN,"Zhenjiang, Lu'an, Ganzhou",,,,3,0,,2014,4,12,yes,2014,4,17,,,,,yes,,,,,,,,yes,2014,4,28,yes,,,,yes,,,,,,,,,not a total
DON-2014-05-08,"Ebola virus disease, West Africa - update",5/8/2014,https://www.who.int/emergencies/disease-outbreak-news/item/2014_05_08_ebola-en/,Ebola virus,,Guinea,GIN,"Conakry, Gueckedou, Macenta, Kissidougou, Dabola, Djingaraye",235,55,,127,157,,,,,,,,,,,,,yes,,,,,,,,yes,2014,5,5,,,,,yes,,,,,,,,,
DON-2014-05-08,"Ebola virus disease, West Africa - update",5/8/2014,https://www.who.int/emergencies/disease-outbreak-news/item/2014_05_08_ebola-en/,Ebola virus,,Liberia,LBR,,,,,,,,,,,,,,,,,,,,,,,,,,,,,,,,,,,yes,,,,,,,,,
DON-2014-05-08,"Ebola virus disease, West Africa - update",5/8/2014,https://www.who.int/emergencies/disease-outbreak-news/item/2014_05_08_ebola-en/,Ebola virus,,Sierra Leone,SLE,,,,,0,,,,,,,,,,,,,,yes,,,,,,,,,,,,,,,,yes,,,,,,,,,"**105 suspected cases of ebola tested--> none confirmed to be ebola, 10 were lassa fever"
DON-2014-06-24-b,"Ebola virus disease, West Africa - update",6/24/2014,https://www.who.int/emergencies/disease-outbreak-news/item/2014_06_24_ebola-en/,Ebola virus,,Guinea,GIN,"Conakry, Gueckedou, Macenta, Kissidougou, Dabola, Djingaraye, Telimele, Boffa, Kouroussa",390,43,87,260,270,,,,,,,,,,,,,yes,,,,,,,,yes,2014,6,20,,,,,yes,,,,,,,,,
DON-2014-06-24-b,"Ebola virus disease, West Africa - update",6/24/2014,https://www.who.int/emergencies/disease-outbreak-news/item/2014_06_24_ebola-en/,Ebola virus,,Libera,LBR,"Lofa, Montserrado, Margibi, Nimba",51,7,10,34,34,,,,,,,,,,,,,yes,,,,,,,,yes,2014,6,22,,,,,yes,,,,,,,,,
DON-2014-06-24-b,"Ebola virus disease, West Africa - update",6/24/2014,https://www.who.int/emergencies/disease-outbreak-news/item/2014_06_24_ebola-en/,Ebola virus,,Sierra Leone,SLE,"Kailahun, Kenema, Western, Kambia, Port Loko",158,3,8,147,34*,,,,,,,,,,,,,yes,,,,,,,,yes,2014,6,20,,,,,yes,,,,,,,,,**new deaths reporting methodology from Sierra Leone--only reporting deaths from confirmed cases
DON-2014-06-26-b,Middle East respiratory syndrome coronavirus (MERS-CoV) - update,6/26/2014,https://www.who.int/emergencies/disease-outbreak-news/item/2014_06_26_mers-en/,MERS-CoV,,Saudi Arabia,SAU,"Riyadh, Umluj, Jeddah",,,,727,252,,2014,6,6,yes,2014,6,19,,,,,yes,2014,6,20,,,,,yes,2014,6,23,,,,,yes,,,,,,,,,global total
DON-2014-07-01,"Ebola virus disease, West Africa - update",7/1/2014,https://www.who.int/emergencies/disease-outbreak-news/item/2014_07_01_ebola-en/,Ebola virus,,Guinea,GIN,Conakry,413,32,88,293,303,,,,,,,,,,,,,yes,,,,,,,,yes,2014,6,30,,,,,yes,,,,,,,,,**cultural practices and beliefs contributing to transmission in 3 countries-- doesn't specifically mention community resistance
DON-2014-07-01,"Ebola virus disease, West Africa - update",7/1/2014,https://www.who.int/emergencies/disease-outbreak-news/item/2014_07_01_ebola-en/,Ebola virus,,Liberia,LBR,Monrovia,107,34,21,52,65,,,,,,,,,,,,,yes,,,,,,,,yes,2014,6,30,,,,,yes,,,,,,,,,
DON-2014-07-01,"Ebola virus disease, West Africa - update",7/1/2014,https://www.who.int/emergencies/disease-outbreak-news/item/2014_07_01_ebola-en/,Ebola virus,,Sierra Leone,SLE,,239,9,31,199,99,,,,,,,,,,,,,yes,,,,,,,,yes,2014,6,30,,,,,yes,,,,,,,,,
DON-2014-07-14-b,Middle East respiratory syndrome coronavirus (MERS-CoV) - update (United Arab Emirates),7/14/2014,https://www.who.int/emergencies/disease-outbreak-news/item/2014_07_14_mers2-en/,MERS-CoV,,United Arab Emirates,ARE,Abu Dhabi,,,,836,288,,2014,6,17,yes,2014,6,17,,,,,yes,2014,7,6,,,,,yes,2014,7,10,,,,,yes,,,,,,,,,global total
DON-2014-08-30,Ebola virus disease update - Senegal,8/30/2014,https://www.who.int/emergencies/disease-outbreak-news/item/2014_08_30_ebola-en/,Ebola virus,,Senegal,SEN,Dakar,1,,,,,,,,,yes,2014,8,23,,,,,yes,,,,,,,,yes,2014,8,30,yes,2014,8,29,yes,,,,,,,,,pending confirmation from lab
DON-2014-10-16,Middle East respiratory syndrome coronavirus (MERS-CoV) - Saudi Arabia,10/16/2014,https://www.who.int/emergencies/disease-outbreak-news/item/16-october-2014-mers-en/,MERS-CoV,,Saudi Arabia,SAU,"Taif, Jubail, Alhenakiah, Geiya, Haradh, Najran",,,,877,317,,2014,9,17,,,,,,,,,yes,,,,,,,,,,,,,,,,yes,,,,,,,,,global total
DON-2014-10-31-a,Ebola virus disease - Mali,10/31/2014,https://www.who.int/emergencies/disease-outbreak-news/item/31-october-2014-ebola-en/,Ebola virus,,Mali,MLI,Kayes,1,0,0,1,1,,2014,10,19,yes,2014,10,20,,,,,yes,2014,10,22,,,,,yes,2014,10,23,,,,,yes,,,,,,,,,
DON-2014-11-03,Middle East respiratory syndrome coronavirus (MERS-CoV) - Saudi Arabia,11/3/2014,https://www.who.int/emergencies/disease-outbreak-news/item/03-november-2014-mers-en/,MERS-CoV,,Saudi Arabia,SAU,"Taif, Riyadh, Madinah, Skaka",,,,897,325,,,,,,,,,,,,,yes,,,,,,,,yes,2014,10,26,,,,,yes,,,,,,,,,global total
DON-2014-11-07,Middle East respiratory syndrome coronavirus (MERS-CoV) - Saudi Arabia,11/7/2014,https://www.who.int/emergencies/disease-outbreak-news/item/07-november-2014-mers-en/,MERS-CoV,,Saudi Arabia,SAU,"Riyadh, Taif, Hafr Albatin, Jouf, Makkah",,,,909,331,,,,,,,,,,,,,yes,,,,,,,,yes,2014,10,30,,,,,yes,,,,,,,,,global total
DON-2014-11-21-b,Plague - Madagascar,11/21/2014,https://www.who.int/emergencies/disease-outbreak-news/item/21-november-2014-plague-en/,Plague,,Madagascar,MDG,"Soamahatamana, Antananarivo",119,,,,40,,,,,yes,2014,8,31,,,,,,,,,,,,,yes,2014,11,16,,,,,yes,,,,,,,,,
DON-2014-12-15,West Nile virus - Brazil,12/15/2014,https://www.who.int/emergencies/disease-outbreak-news/item/15-december-2014-wnv-en/,West Nile virus,,Brazil,BRA,Teresina,,,,1,0,,2014,8,,,,,,,,,,yes,2014,11,28,,,,,yes,2014,12,9,,,,,yes,,,,,,,,,day not given
DON-2015-02-08,Human infection with avian influenza A(H7N9) virus - China,2/8/2015,https://www.who.int/emergencies/disease-outbreak-news/item/8-february-2015-avian-influenza-en/,Influenza A,H7N9,China,CHN,"Fujian, Guangdong, Jiangsu, Jiangxi, Shandong, Shanghai, Xinjiang, Zhejiang",,,,83,,,2014,12,20,,,,,,,,,yes,,,,,,,,yes,2015,2,4,yes,,,,yes,,,,,,,,,not a total
DON-2015-05-24-d,Middle East respiratory syndrome coronavirus (MERS-CoV) - Saudi Arabia,5/24/2015,https://www.who.int/emergencies/disease-outbreak-news/item/24-may-2015-mers-saudi-arabia-en/,MERS-CoV,,Saudi Arabia,SAU,"Qunfuthah, Hafouf, Jeddah, Riyadh, Taif",,,,1130,427,,2015,5,1,yes,2015,5,7,,,,,yes,2015,5,9,,,,,yes,2015,5,13,,,,,yes,,,,,,,,,
DON-2015-07-10-b,Middle East respiratory syndrome coronavirus (MERS-CoV) - The Philippines (update),7/10/2015,https://www.who.int/emergencies/disease-outbreak-news/item/10-july-2015-mers-philippines-en/,MERS-CoV,,Philippines,PHL,Manila,,,,,,,,,,,,,,,,,,yes,2015,7,4,,,,,yes,2015,7,6,,,,,yes,,,,,,,,,"update to previous one, just saying he got better"
DON-2015-07-18,Human infection with avian influenza A(H7N9) virus - China,7/18/2015,https://www.who.int/emergencies/disease-outbreak-news/item/18-july-2015-avian-influenza-china-en/,Influenza A,H7N9,China,CHN,"Anhui, Jiangsu, Shanghai, Zhejiang",,,,5,3,,2015,5,26,,,,,,,,,yes,,,,,,,,yes,2015,7,16,yes,,,,yes,,,,,,,,,not a total
DON-2015-09-09,Middle East respiratory syndrome coronavirus (MERS-CoV) - Saudi Arabia,9/9/2015,https://www.who.int/emergencies/disease-outbreak-news/item/09-september-2015-mers-saudi-arabia-en/,MERS-CoV,,Saudi Arabia,SAU,"Riyadh, Alkharj, Alnmas, Najran",,,,1542,544,,2015,8,24,yes,2015,8,29,,,,,yes,2015,8,31,,,,,yes,2015,9,5,,,,,yes,,,,,,,,,global total
DON-2015-09-11,Cholera - United Republic of Tanzania,9/11/2015,https://www.who.int/emergencies/disease-outbreak-news/item/11-september-2015-cholera-en/,Cholera,,United Republic of Tanzania,TZA,"Dar es Salaam, Pwani (Coast), Iringa, Morogoro",971,,,,13,,2015,8,15,,,,,,,,,yes,,,,,,,,yes,2015,9,6,,,,,yes,,,,,,,,,
DON-2015-09-27,Middle East respiratory syndrome coronavirus (MERS-CoV) - Saudi Arabia,9/27/2015,https://www.who.int/emergencies/disease-outbreak-news/item/27-september-2015-mers-saudi-arabia-en/,MERS-CoV,,Saudi Arabia,SAU,"Riyadh, Jeddah, Alqweiyha, Madinah",,,,1583,566,,2015,9,4,yes,2015,9,6,,,,,yes,2015,9,7,,,,,yes,2015,9,18,,,,,yes,,,,,,,,,global total
DON-2015-10-12-a,Cholera - Iraq,10/12/2015,https://www.who.int/emergencies/disease-outbreak-news/item/12-october-2015-cholera-en/,Cholera,,Iraq,IRQ,"Babylon, Baghdad, Qadisiyyah, Muthanna, Basra, Wassit, Karbala, Najaf, Thi-qar, Maysan, Diyala, Duhok, Erbil, Kirkuk, Salah al-din, Suleimaniyah",,,,1263,,,,,,,,,,,,,,yes,,,,,,,,yes,2015,10,8,yes,,,,yes,,,,,,,,,
DON-2015-11-27-b,Zika virus infection - El Salvador,11/27/2015,https://www.who.int/emergencies/disease-outbreak-news/item/27-november-2015-zika-el-salvador-en/,Zika virus disease,,El Salvador,SLV,,,,,3,,,,,,,,,,yes,,,,yes,,,,,,,,yes,2015,11,24,,,,,yes,,,,,,,,,
DON-2015-12-22,Zika virus infection - Panama,12/22/2015,https://www.who.int/emergencies/disease-outbreak-news/item/22-december-2015-zika-panama-en/,Zika virus disease,,Panama,PAN,"Ustupu, Ogobsugun, Guna Yala",,95,,4,,,,,,,,,,,,,,yes,,,,,,,,yes,2015,12,4,yes,,,,yes,,,,,,,,,
DON-2016-01-04-b,Middle East respiratory syndrome coronavirus (MERS-CoV) - Saudi Arabia,1/4/2016,https://www.who.int/emergencies/disease-outbreak-news/item/4-january-2016-mers-saudi-arabia-en/,MERS-CoV,,Saudi Arabia,SAU,"Najran, Buridah, Riyadh",,,,1625,586,,2015,11,22,yes,2015,11,27,,,,,yes,2015,12,28,,,,,yes,2015,12,17,,,,,yes,,,,,,,,,global total
DON-2016-01-07,Middle East respiratory syndrome coronavirus (MERS-CoV) - Oman,1/7/2016,https://www.who.int/emergencies/disease-outbreak-news/item/7-january-2016-mers-oman-en/,MERS-CoV,,Oman,OMN,North Batinah,,,,1626,586,,2015,12,25,yes,2016,1,1,,,,,yes,2016,1,3,,,,,yes,2016,1,3,,,,,yes,,,,,,,,,global total
DON-2016-01-21-a,Guillain-Barré syndrome - El Salvador,1/21/2016,https://www.who.int/emergencies/disease-outbreak-news/item/21-january-2016-gbs-el-salvador-en/,Guillain-Barre syndrome,,El Salvador,SLV,,46,,,,2,,,,,,,,,,,,,,,,,,,,,yes,,,,,,,,yes,,,,,,,,,
DON-2016-02-02,Middle East respiratory syndrome coronavirus (MERS-CoV) - Saudi Arabia,2/2/2016,https://www.who.int/emergencies/disease-outbreak-news/item/2-february-2016-mers-saudi-arabia-en/,MERS-CoV,,Saudi Arabia,SAU,"Al-Kharj, Alkumrah, Muthnab, Jeddah",,,,1638,587,,2016,1,11,yes,2016,1,19,,,,,yes,2016,1,21,,,,,yes,2016,1,27,,,,,yes,,,,,,,,,global total
DON-2016-02-08-a,Guillain-Barr- syndrome - Brazil,2/8/2016,https://www.who.int/emergencies/disease-outbreak-news/item/8-february-2016-gbs-brazil-en/,Guillain-Barre syndrome,,Brazil,BRA,"Alagoas, Bahia, Rio Grande do Norte, Piaui, Espirito Santo, Rio de Janeiro",1708,,,,,,,,,,,,,,,,,,,,,,,,,yes,2016,1,22,,,,,,,,,,,,,,
DON-2016-02-12-b,Microcephaly - United States of America,2/12/2016,https://www.who.int/emergencies/disease-outbreak-news/item/12-february-2016-microcephaly-usa-en/,Zika virus disease,Microcephaly,United States of America,USA,Hawaii,1,,,,,,,,,,,,,,,,,,,,,,,,,yes,2016,1,16,,,,,,,,,,,,,,
DON-2016-02-25-a,Human infection with avian influenza A(H7N9) virus - China,2/25/2016,https://www.who.int/emergencies/disease-outbreak-news/item/25-february-2016-avian-influenza-china-en/,Influenza A,H7N9,China,CHN,Hong Kong,,,,1,0,,2016,2,8,yes,2016,2,11,,,,,yes,2016,2,23,,,,,yes,2016,2,23,,,,,yes,,,,,,,,,not a total
DON-2016-02-25-c,Circulating vaccine-derived poliovirus - Lao People’s Democratic Republic,2/25/2016,https://www.who.int/emergencies/disease-outbreak-news/item/25-february-2016-polio-lao-en/,Polio,cDPV1,Lao People's Democratic Republic,LAO,"Phonhoung, Feuang",,,,10,,,2016,1,8,,,,,,,,,yes,2016,2,3,,,,,yes,2016,2,16,,,,,yes,,,,,,,,,
DON-2016-03-07-b,Zika virus infection - Argentina and France,3/7/2016,https://www.who.int/emergencies/disease-outbreak-news/item/7-march-2016-zika-argentina-and-france-en/,Zika virus disease,,Argentina,ARG,Cordoba,,,,1,,,2016,2,16,,,,,,,,,yes,,,,,,,,yes,2016,2,29,,,,,yes,,,,,,,,,
DON-2016-03-07-b,Zika virus infection - Argentina and France,3/7/2016,https://www.who.int/emergencies/disease-outbreak-news/item/7-march-2016-zika-argentina-and-france-en/,Zika virus disease,,France,FRA,Ile-de-France,,,,2,,,2016,2,5,,,,,,,,,yes,2016,2,24,yes,2016,2,24,yes,2016,3,1,,,,,,,,,,,,,,
DON-2016-03-29-c,Microcephaly - Panama,3/29/2016,https://www.who.int/emergencies/disease-outbreak-news/item/29-march-2016-microcephaly-panama-en/,Zika virus disease,Microcephaly,Panama,PAN,,,,,1,1,,,,,,,,,,,,,yes,,,,,,,,yes,2016,3,18,,,,,,,,,,,,,,samples from umbilical cord confirmed for zika
DON-2016-03-29-d,Yellow Fever - China,3/29/2016,https://www.who.int/emergencies/disease-outbreak-news/item/29-march-2016-yellow-fever-china-en/,Yellow fever,,China,CHN,Beijing,,,,1,0,,2016,3,8,yes,2016,3,10,,,,,yes,2016,3,11,,,,,yes,2016,3,13,yes,,,,yes,,,,,,,,,imported case
DON-2016-04-22-c,Zika virus infection - Papua New Guinea,4/22/2016,https://www.who.int/emergencies/disease-outbreak-news/item/22-april-2016-zika-png-en/,Zika virus disease,,Papua New Guinea,PNG,"Morobe, Western province, Kiunga",,,,6,,,,,,,,,,,,,,yes,,,,,,,,yes,2016,3,11,yes,,,,yes,,,,,,,,,retrospective testing of 2 years of samples
DON-2016-05-10,Human infection with avian influenza A(H5N6) virus - China,5/10/2016,https://www.who.int/emergencies/disease-outbreak-news/item/10-may-2016-ah5n6-china-en/,Influenza A,H5N6,China,CHN,Xuancheng,1,0,0,1,0,,2016,4,24,yes,2016,4,27,,,,,,,,,,,,,yes,2016,5,2,yes,,,,yes,,,,,,,,,not a total
DON-2016-06-21-a,Middle East respiratory syndrome coronavirus (MERS-CoV) - Saudi Arabia,6/21/2016,https://www.who.int/emergencies/disease-outbreak-news/item/21-june-2016-mers-saudi-arabia-en/,MERS-CoV,,Saudi Arabia,SAU,"Riyadh, Najran, Taif",,,,1761,629,,2016,6,11,yes,2016,6,16,,,,,yes,2016,6,16,,,,,yes,2016,6,18,,,,,yes,,,,,,,,,global total
DON-2016-08-09,Chikungunya - Kenya,8/9/2016,https://www.who.int/emergencies/disease-outbreak-news/item/09-august-2016-chikungunya-kenya-en/,Chikungunya,,Kenya,KEN,Mandera East,1792,,,95,,,2016,5,,,,,,,,,,yes,2016,5,16,,,,,yes,2016,5,28,,,,,yes,,,,,,,,,totals come from combination of Somalian and Kenyan databases
DON-2016-10-06,Wild polio and vaccine derived polio in Nigeria,10/6/2016,https://www.who.int/emergencies/disease-outbreak-news/item/06-october-2016-polio-nigeria-en/,Polio,WPV: WPV1,Nigeria,NGA,Borno,,,,3,,,2016,6,,yes,,,,,,,,yes,,,,,,,,yes,,,,,,,,yes,,,,,,,,,
DON-2016-10-06,Wild polio and vaccine derived polio in Nigeria,10/6/2016,https://www.who.int/emergencies/disease-outbreak-news/item/06-october-2016-polio-nigeria-en/,Polio,cVDPV2,,,,,,,,,,,,,yes,,,,,,,,yes,,,,,,,,,,,,,,,,yes,,,,,,,,,
DON-2016-11-11,Middle East respiratory syndrome coronavirus (MERS-CoV) - Saudi Arabia,11/11/2016,https://www.who.int/emergencies/disease-outbreak-news/item/11-november-2016-mers-saudi-arabia-en/,MERS-CoV,,Saudi Arabia,SAU,Hofouf,,,,1826,649,,2016,10,12,yes,2016,10,26,,,,,yes,2016,10,28,,,,,yes,2016,10,29,,,,,yes,,,,,,,,,global total
DON-2016-11-18,Dengue Fever - Burkina Faso,11/18/2016,https://www.who.int/emergencies/disease-outbreak-news/item/18-november-2016-dengue-burkina-faso-en/,Dengue fever,,Burkina Faso,BFA,"Ouagadougou, Sahel, Bassins",,205,1061,29,15,,,,,,,,,yes,2016,11,14,yes,,,,,,,,yes,2016,8,12,,,,,yes,,,,,,,,,
DON-2016-12-19-b,Middle East respiratory syndrome coronavirus (MERS-CoV) - Saudi Arabia,12/19/2016,https://www.who.int/emergencies/disease-outbreak-news/item/19-december-2016-1-mers-saudi-arabia-en/,MERS-CoV,,Saudi Arabia,SAU,"Madinah, Riyadh, Skaka, Hofuf, Khayber, Mahad Althabab, Yanbu, Regal Almaa, Taif,",,,,1854,654,,2016,11,14,yes,2016,11,15,,,,,yes,2016,12,3,,,,,yes,2016,12,5,,,,,yes,,,,,,,,,global total
DON-2017-01-09,Plague - Madagascar,1/9/2017,https://www.who.int/emergencies/disease-outbreak-news/item/09-january-2017-plague-mdg-en/,Plague,,Madagascar,MDG,"Befotaka, Iakora",62,51,5,6,26,,2016,8,,,,,,,,,,yes,,,,,,,,yes,2016,12,6,,,,,yes,,,,,,,,,
DON-2017-01-24,Hepatitis E - Chad,1/24/2017,https://www.who.int/emergencies/disease-outbreak-news/item/24-january-2017-hepatitis-e-chad-en/,Hepatitis E,,Chad,TCD,Am Timan,693,,,57,11,,,,,,,,,,,,,yes,,,,,,,,yes,2016,9,1,,,,,yes,,,,,,,,,deaths may be underestimated
DON-2017-02-20-b,Seoul virus - United States of America and Canada,2/20/2017,https://www.who.int/emergencies/disease-outbreak-news/item/20-february-2017-seoulvirus-usa-and-canada-en/,Hantavirus,HFRS: Seoul virus,United States of America,USA,"Wisconsin, Illinois Colorado",11,,,,0,,,,,,,,,,,,,,,,,,,,,yes,2017,1,24,,,,,,,,,,,,,,
DON-2017-02-20-b,Seoul virus - United States of America and Canada,2/20/2017,https://www.who.int/emergencies/disease-outbreak-news/item/20-february-2017-seoulvirus-usa-and-canada-en/,Hantavirus,HFRS: Seoul virus,Canada,CAN,,3,,,,,,,,,,,,,,,,,yes,,,,,,,,yes,2017,2,10,,,,,yes,,,,,,,,,**more testing needed//tested positive for group of virus but no illness//
DON-2017-03-03,Yellow fever - Brazil,3/3/2017,https://www.who.int/emergencies/disease-outbreak-news/item/06-march-2017-yellow-fever-brazil-en/,Yellow fever,,Brazil,BRA,Espirito Santo,,,,,,,,,,,,,,,,,,,,,,,,,,,,,,,,,,yes,,,,,,,,,Vaccine recommendations
DON-2017-03-24,Meningococcal disease - Nigeria,3/24/2017,https://www.who.int/emergencies/disease-outbreak-news/item/24-march-2017-meningococcal-disease-nigeria-en/,Meningococcal disease,,Nigeria,NGA,"Zamfara, Katsina, Sokoto",,1407,,,211,,,,,,,,,,,,,,,,,,,,,yes,2017,3,19,,,,,yes,,,,,,,,,
DON-2017-05-18,Human infection with avian influenza A(H7N9) virus - China,5/18/2017,https://www.who.int/emergencies/disease-outbreak-news/item/18-may-2017-ah7n9-china-en/,Influenza A,H7N9,China,CHN,"Anhui, Beijing, Chongqing, Gansu, Guangxi, Hebei, Henan, Hubei, Hunan, Jiangsu, Sichuan, Shaanxi",,,,1463,9,,2017,4,14,,,,,,,,,yes,,,,,,,,yes,2017,5,5,yes,,,,yes,,,,,,,,,new deaths
DON-2017-08-25,Chikungunya - France,8/25/2017,https://www.who.int/emergencies/disease-outbreak-news/item/25-august-2017-chikungunya-france-en/,Chikungunya,,France,FRA,Provence-Alpes-Cote d'Azur,13,8,1,4,,,2017,8,2,,,,,,,,,yes,,,,,,,,yes,2017,8,23,,,,,yes,,,,,,,,,
DON-2017-09-05,Human infection with avian influenza A(H7N9) virus - China,9/5/2017,https://www.who.int/emergencies/disease-outbreak-news/item/5-september-2017-ah7n9-china-en/,Influenza A,H7N9,China,CHN,Fujian,,,,1,,,2017,7,19,yes,2017,7,29,,,,,yes,,,,,,,,yes,2017,8,4,yes,,,,yes,,,,,,,,,
DON-2017-10-02,Plague - Madagascar,10/2/2017,https://www.who.int/emergencies/disease-outbreak-news/item/02-october-2017-plague-madagascar-en/,Plague,,Madagascar,MDG,"Central Highlands, Antananarivo, Toamasina, Faratshio",131,,,,24,,,,,,,,,,,,,yes,,,,,,,,yes,2017,9,30,yes,,,,yes,,,,,,,,,
DON-2018-06-20-b,Measles - Japan,6/20/2018,https://www.who.int/emergencies/disease-outbreak-news/item/20-june-2018-measles-japan-en/,Measles,,Japan,JPN,Okinawa,161,,,145,,,,,,yes,2018,3,20,,,,,yes,,,,,,,,yes,2018,5,16,yes,2018,4,11,yes,,,,,,,,,
DON-2018-08-31-a,Ebola virus disease - Democratic Republic of the Congo,8/31/2018,https://www.who.int/emergencies/disease-outbreak-news/item/31-august-2018-ebola-drc-en/,Ebola virus,,Democratic Republic of the Congo,COD,Beni,,,30,86,77,,2018,4,30,,,,,,,,,yes,,,,,,,,yes,2018,8,29,,,,,yes,,,,yes,,,,,
DON-2018-08-31-b,Middle East respiratory syndrome coronavirus (MERS-CoV) - United Kingdom of Great Britain and Northern Ireland,8/31/2018,https://www.who.int/emergencies/disease-outbreak-news/item/31-august-2018-mers-united-kingdom-en/,MERS-CoV,,United Kingdom of Great Britain and Northern Ireland,GBR,Leeds,,,,1,0,,,,,yes,2018,9,16,yes,,,,yes,,,,,,,,,,,,,,,,yes,,,,,,,,,
DON-2018-09-12,Middle East respiratory syndrome coronavirus (MERS-CoV) infection - Republic of Korea,9/12/2018,https://www.who.int/emergencies/disease-outbreak-news/item/12-september-2018-mers-republic-of-korea-en/,MERS-CoV,,Republic of Korea,KOR,Seoul,1,,,1,0,,2018,8,28,yes,2018,9,4,,,,,yes,2018,9,8,,,,,yes,2018,9,8,,,,,yes,,,,,,,,,not a total
DON-2018-11-08,Ebola virus disease - Democratic Republic of the Congo,11/8/2018,https://www.who.int/emergencies/disease-outbreak-news/item/08-november-2018-ebola-drc-en/,Ebola virus,,Democratic Republic of the Congo,COD,"Beni, Butembo, Kalungata, Mabalako, Vuhovi",,,35,273,189,,2018,4,30,,,,,,,,,yes,,,,,,,,yes,2018,11,6,,,,,yes,,,,yes,,,,,
DON-2018-11-15,Ebola virus disease - Democratic Republic of the Congo,11/15/2018,https://www.who.int/emergencies/disease-outbreak-news/item/15-november-2018-ebola-drc-en/,Ebola virus,,Democratic Republic of the Congo,COD,"Beni, Mutwunga, Kalungata, Butembo, Vuhovi, Kyondo, Musienene",,,38,303,215,,2018,4,30,,,,,,,,,yes,,,,,,,,yes,2018,11,13,,,,,yes,,,,,,,,,
DON-2018-11-22,Ebola virus disease - Democratic Republic of the Congo,11/22/2018,https://www.who.int/emergencies/disease-outbreak-news/item/22-november-2018-ebola-drc-en/,Ebola virus,,Democratic Republic of the Congo,COD,"Beni, Mutwanga, Kalunguta, Butembo, Katwa, Oicha, Kalungata",,,47,339,219,,2018,4,30,,,,,,,,,yes,,,,,,,,yes,2018,11,20,,,,,yes,,,,,,,,,
DON-2019-01-08,Poliomyelitis - Democratic Republic of the Congo,1/8/2019,https://www.who.int/emergencies/disease-outbreak-news/item/08-january-2019-poliovirus-drc-en/,Polio,cVDPV2,Democratic Republic of the Congo,COD,Haut-Katanga,,,,42,,,2018,10,6,yes,,,,,,,,yes,,,,,,,,yes,2018,10,,yes,,,,yes,,,,,,,,,"since 2017, two new confirmed cases"
DON-2019-02-21,Ebola virus disease - Democratic Republic of the Congo,2/21/2019,https://www.who.int/emergencies/disease-outbreak-news/item/21-february-2019-ebola-drc-en/,Ebola virus,,Democratic Republic of the Congo,COD,"Katwa, Butembo",848,,65,783,529,,2018,4,30,,,,,,,,,yes,,,,,,,,yes,2019,2,19,,,,,yes,,,,yes,,,,,
DON-2019-02-28,Ebola virus disease - Democratic Republic of the Congo,2/28/2019,https://www.who.int/emergencies/disease-outbreak-news/item/28-february-2019-ebola-drc-en/,Ebola virus,,Democratic Republic of the Congo,COD,"Katwa, Butembo",879,,65,814,553,,2018,4,30,,,,,,,,,yes,,,,,,,,yes,2018,11,26,,,,,yes,,,,yes,,,,,
DON-2019-03-28,Ebola virus disease - Democratic Republic of the Congo,3/28/2019,https://www.who.int/emergencies/disease-outbreak-news/item/28-march-2019-ebola-drc-en/,Ebola virus,,Democratic Republic of the Congo,COD,"North Kivu, Ituri",1029,,,,642,,2018,4,30,,,,,,,,,yes,,,,,,,,yes,2019,3,26,,,,,yes,,,,yes,,,,,
DON-2019-04-11,Ebola virus disease - Democratic Republic of the Congo,4/11/2019,https://www.who.int/emergencies/disease-outbreak-news/item/11-april-2019-ebola-drc-en/,Ebola virus,,Democratic Republic of the Congo,COD,North Kivu,1186,,,,751,,2018,4,30,,,,,,,,,yes,,,,,,,,yes,2019,4,9,,,,,yes,,,,yes,,,,,
DON-2019-05-07,Measles - Western Pacific Region,5/7/2019,https://www.who.int/emergencies/disease-outbreak-news/item/07-may-2019-measles-western-pacific-region-en/,Measles,,Australia,AUS,,,,,,,,,,,,,,,yes,,,,,,,,yes,2019,1,1,,,,,yes,,,,yes,,,,,,,,,high case number
DON-2019-05-07,Measles - Western Pacific Region,5/7/2019,https://www.who.int/emergencies/disease-outbreak-news/item/07-may-2019-measles-western-pacific-region-en/,Measles,,China,CHN,,,,,4541,,,,,,,,,,,,,,,,,,yes,2018,1,1,,,,,yes,,,,yes,,,,,,,,,
DON-2019-05-07,Measles - Western Pacific Region,5/7/2019,https://www.who.int/emergencies/disease-outbreak-news/item/07-may-2019-measles-western-pacific-region-en/,Measles,,Hong Kong SAR (China),HKG,Hong Kong Airport,66,,,,,,,,,,,,,yes,,,,,,,,yes,2019,4,11,,,,,yes,,,,yes,,,,,,,,,as of date
DON-2019-05-07,Measles - Western Pacific Region,5/7/2019,https://www.who.int/emergencies/disease-outbreak-news/item/07-may-2019-measles-western-pacific-region-en/,Measles,,Macao SAR (China),MAC,,32,,,,,,,,,,,,,yes,,,,,,,,yes,2019,4,8,,,,,yes,,,,yes,,,,,,,,,as of date
DON-2019-05-07,Measles - Western Pacific Region,5/7/2019,https://www.who.int/emergencies/disease-outbreak-news/item/07-may-2019-measles-western-pacific-region-en/,Measles,,Japan,JPN,,378,,,,,,,,,,,,,yes,,,,,,,,yes,2019,1,1,,,,,yes,,,,yes,,,,,,,,,
DON-2019-05-07,Measles - Western Pacific Region,5/7/2019,https://www.who.int/emergencies/disease-outbreak-news/item/07-may-2019-measles-western-pacific-region-en/,Measles,,Malaysia,MYS,,1934,,,,,,,,,,,,,,,,,,,,,yes,2018,1,1,,,,,yes,,,,yes,,,,,,,,,2018 numbers
DON-2019-05-07,Measles - Western Pacific Region,5/7/2019,https://www.who.int/emergencies/disease-outbreak-news/item/07-may-2019-measles-western-pacific-region-en/,Measles,,New Zealand,NZL,"Canterbury, Auckland, Waikato, Bay of Plenty, Southland",72,,,,,,,,,,,,,yes,,,,,,,,yes,2019,1,1,,,,,yes,,,,yes,,,,,,,,,
DON-2019-05-07,Measles - Western Pacific Region,5/7/2019,https://www.who.int/emergencies/disease-outbreak-news/item/07-may-2019-measles-western-pacific-region-en/,Measles,,The Philippines,PHL,"National Capital Region, Regions, IVA, III, VI, VII",25956,,,,381,,2017,,,,,,,,,,,,,,,yes,2019,1,1,,,,,yes,2019,2,20,yes,,,,,,,,,
DON-2019-05-07,Measles - Western Pacific Region,5/7/2019,https://www.who.int/emergencies/disease-outbreak-news/item/07-may-2019-measles-western-pacific-region-en/,Measles,,Republic of Korea,KOR,,150,,,,,,,,,,,,,yes,,,,,,,,yes,2018,12,17,,,,,yes,,,,yes,,,,,,,,,
DON-2019-06-06-b,Circulating vaccine-derived poliovirus type 2 - Cameroon,6/6/2019,https://www.who.int/emergencies/disease-outbreak-news/item/06-june-2019-polio-cameroon-en/,Polio,cVDPV2,Cameroon,CMR,Northern Cameroon (Lake Chad Region),0,,,0,0,,,,,,,,,,,,,yes,,,,,,,,yes,2019,5,23,,,,,yes,,,,,,,,,detected in environmental sample
DON-2019-06-20,Ebola virus disease - Democratic Republic of the Congo,6/20/2019,https://www.who.int/emergencies/disease-outbreak-news/item/20-june-2019-ebola-drc-en/,Ebola virus,,Democratic Republic of the Congo,COD,"Mabalako Health Zone, Aloya Health Area, Bunia, Lubero, Komanda, Rwampara, Katwa, Butembo",2190,,94,2096,1470,,2019,6,1,,,,,,,,,yes,,,,,,,,yes,2019,6,18,,,,,yes,,,,yes,,,,,
DON-2019-07-16,Middle East respiratory syndrome coronavirus (MERS-CoV) - The Kingdom of Saudi Arabia,7/16/2019,https://www.who.int/emergencies/disease-outbreak-news/item/16-july-2019-mers-saudi-arabia-en/,MERS-CoV,,Saudi Arabia,SAU,"Riyadh, Jeddah, Madinah, Najran, Al-Qassim",,,,2442,843,,2019,4,26,yes,2019,5,2,,,,,yes,,,,,,,,yes,2019,7,15,,,,,,,,,,,,,,global total
DON-2019-07-18,Ebola virus disease - Democratic Republic of the Congo,7/18/2019,https://www.who.int/emergencies/disease-outbreak-news/item/18-july-2019-ebola-drc-en/,Ebola virus,,Democratic Republic of the Congo,COD,"Alimbongo, Beni, Beina, Butembo, Goma, Kalunguta, Katwa, Kayna, Kyondo, Lubero, Mabalako, Manguredjipa, Masereka, Musienene, Mutwanga, Oicha, Vuhovi, Ariwara, Bunia, Komanda, Mambasa, Mandima, Nyakunde, Rwampara, Tchomia",2522,,94,2428,1698,,,,,,,,,,,,,yes,,,,,,,,,,,,,,,,yes,,,,yes,,,,,declared PHEIC
DON-2019-07-25,Ebola virus disease - Democratic Republic of the Congo,7/25/2019,https://www.who.int/emergencies/disease-outbreak-news/item/25-july-2019-ebola-drc-en/,Ebola virus,,Democratic Republic of the Congo,COD,"Beni Health Zone, Goma,",2612,,94,2518,1756,,,,,,,,,,,,,yes,,,,,,,,yes,2019,7,23,,,,,yes,,,,yes,,,,,
DON-2019-09-26-c,Yellow fever - Nigeria,9/26/2019,https://www.who.int/emergencies/disease-outbreak-news/item/26-september-2019-yellow-fever-nigeria-en/,Yellow fever,,Nigeria,NGA,506 LGAs,,,,7,,,,,,,,,,,,,,yes,,,,yes,2019,1,1,,,,,,,,,yes,,,,,,,,,
DON-2019-11-29,Circulating vaccine-derived poliovirus type 2 - African Region,11/29/2019,https://www.who.int/emergencies/disease-outbreak-news/item/29-november-2019-polio-african-region-en/,Polio,cVDPV2,Chad,TCD,Mandelia,1,,,1,,,2019,9,9,,,,,,,,,yes,2019,10,16,,,,,,,,,,,,,yes,2019,11,2,,,,,,
DON-2019-11-29,Circulating vaccine-derived poliovirus type 2 - African Region,11/29/2019,https://www.who.int/emergencies/disease-outbreak-news/item/29-november-2019-polio-african-region-en/,Polio,cVDPV2,Togo,TGO,Est-Mono,1,,,1,,,2019,9,13,,,,,,,,,yes,2019,10,15,,,,,,,,,,,,,yes,2019,10,23,,,,,,
DON-2019-11-29,Circulating vaccine-derived poliovirus type 2 - African Region,11/29/2019,https://www.who.int/emergencies/disease-outbreak-news/item/29-november-2019-polio-african-region-en/,Polio,cVDPV2,Cote d'Ivoire,CIV,Adjame-Plateau-Attecoube,0,,,0,0,,,,,,,,,,,,,yes,,,,,,,,,,,,,,,,yes,,,,,,,,,
DON-2019-11-29,Circulating vaccine-derived poliovirus type 2 - African Region,11/29/2019,https://www.who.int/emergencies/disease-outbreak-news/item/29-november-2019-polio-african-region-en/,Polio,cVDPV2,Zambia,ZMB,Chiengi,1,,,,,,2019,7,16,,,,,,,,,yes,,,,yes,2019,10,28,,,,,,,,,yes,2019,11,6,,,,,,
DON-2019-12-26-a,Middle East respiratory syndrome coronavirus (MERS-CoV) - Qatar,12/26/2019,https://www.who.int/emergencies/disease-outbreak-news/item/26-december-2019-mers-qatar-en/,MERS-CoV,,Qatar,QAT,Doha,,,,3,1,,2019,11,23,yes,2019,11,25,,,,,yes,2019,11,29,,,,,yes,2019,12,5,,,,,yes,,,,,,,,,new cases
