DONid,Headline,ReportDate,Link,DiseaseLevel1,DiseaseLevel2,Country,ISO
DON-1996-02-05,1996 - Haemorrhagic fever with renal syndrome in Bosnia and Herzegovina,2/5/1996,https://www.who.int/emergencies/disease-outbreak-news/item/1996_02_05-en/,Hantavirus,HFRS,Bosnia and Herzegovina,BIH
DON-1996-04-02,1996 - Cholera in Zaire,4/2/1996,https://www.who.int/emergencies/disease-outbreak-news/item/1996_04_04b-en/,Cholera,"",Zaire,COD
DON-1996-05-20,1996 - Cholera in Malaysia,5/20/1996,https://www.who.int/emergencies/disease-outbreak-news/item/1996_05_20-en/,Cholera,"",Malaysia,MYS
DON-1996-06-03,1996 - Meningococcal infection in the Balearic Isles (Spain) - Update,6/3/1996,https://www.who.int/emergencies/disease-outbreak-news/item/1996_06_03-en/,Meningococcal disease,"",Spain,ESP
DON-1996-06-03,1996 - Meningococcal infection in the Balearic Isles (Spain) - Update,6/3/1996,https://www.who.int/emergencies/disease-outbreak-news/item/1996_06_03-en/,Meningococcal disease,"",United Kingdom,GBR
DON-1996-06-14-b,1996 - Dengue/dengue haemorrhagic fever in Malaysia and Indonesia,6/14/1996,https://www.who.int/emergencies/disease-outbreak-news/item/1996_06_14b-en/,Dengue fever,"",Malaysia,MYS
DON-1996-06-14-b,1996 - Dengue/dengue haemorrhagic fever in Malaysia and Indonesia,6/14/1996,https://www.who.int/emergencies/disease-outbreak-news/item/1996_06_14b-en/,Dengue fever,"",Indonesia,IDN
DON-1996-07-19-a,1996 - Diphtheria in Laos and Thailand,7/19/1996,https://www.who.int/emergencies/disease-outbreak-news/item/1996_07_19a-en/,Diptheria,"",Laos,LAO
DON-1996-07-19-a,1996 - Diphtheria in Laos and Thailand,7/19/1996,https://www.who.int/emergencies/disease-outbreak-news/item/1996_07_19a-en/,Diptheria,"",Thailand,THA
DON-1996-07-19-c,1996 - Cholera in Nigeria - Update 4,7/19/1996,https://www.who.int/emergencies/disease-outbreak-news/item/1996_07_19c-en/,Cholera,"",Nigeria,NGA
DON-1996-08-12-a,1996 - Outbreak of food-borne intoxication in India,8/12/1996,https://www.who.int/emergencies/disease-outbreak-news/item/1996_08_12a-en/,Syndromic: gastrointestinal,Food-borne,India,IND
DON-1996-08-21-a,1996 - Cholera in Mongolia - Update 2,8/21/1996,https://www.who.int/emergencies/disease-outbreak-news/item/1996_08_21a-en/,Cholera,"",Mongolia,MNG
DON-1996-10-24,1996 - Dengue/dengue haemorrhagic fever in India - Update,10/24/1996,https://www.who.int/emergencies/disease-outbreak-news/item/1996_10_24-en/,Dengue fever,"",India,IND
DON-1996-10-31-a,1996 - Dengue/dengue haemorrhagic fever in India - Update,10/31/1996,https://www.who.int/emergencies/disease-outbreak-news/item/1996_10_31a-en/,Dengue fever,"",India,IND
DON-1996-11-12-b,1996 - Dengue haemorrhagic fever in India,11/12/1996,https://www.who.int/emergencies/disease-outbreak-news/item/1996_11_12b-en/,Dengue fever,"",India,IND
DON-1996-11-22,1996 - Ebola haemorrhagic fever in South Africa - Update,11/22/1996,https://www.who.int/emergencies/disease-outbreak-news/item/1996_11_22-en/,Ebola virus,"",South Africa,ZAF
DON-1996-12-06-c,"1996 - Cholera in refugees: Kigoma, Tanzania",12/6/1996,https://www.who.int/emergencies/disease-outbreak-news/item/1996_12_06c-en/,Cholera,"",Tanzania,TZA
DON-1997-03-21-a,1997 - Meningitis in Ghana - Update,3/21/1997,https://www.who.int/emergencies/disease-outbreak-news/item/1997_03_21a-en/,Syndromic: neurological,Meningitis,Ghana,GHA
DON-1997-03-21-a,1997 - Meningitis in Ghana - Update,3/21/1997,https://www.who.int/emergencies/disease-outbreak-news/item/1997_03_21a-en/,Syndromic: neurological,Meningitis,Burkina Faso,BFA
DON-1997-03-21-a,1997 - Meningitis in Ghana - Update,3/21/1997,https://www.who.int/emergencies/disease-outbreak-news/item/1997_03_21a-en/,Syndromic: neurological,Meningitis,Chad,TCD
DON-1997-03-21-a,1997 - Meningitis in Ghana - Update,3/21/1997,https://www.who.int/emergencies/disease-outbreak-news/item/1997_03_21a-en/,Syndromic: neurological,Meningitis,Gambia,GMB
DON-1997-03-21-a,1997 - Meningitis in Ghana - Update,3/21/1997,https://www.who.int/emergencies/disease-outbreak-news/item/1997_03_21a-en/,Syndromic: neurological,Meningitis,Mali,MLI
DON-1997-03-21-a,1997 - Meningitis in Ghana - Update,3/21/1997,https://www.who.int/emergencies/disease-outbreak-news/item/1997_03_21a-en/,Syndromic: neurological,Meningitis,Togo,TGO
DON-1997-05-01,1997 - Lassa fever in Sierra Leone - Update,5/1/1997,https://www.who.int/emergencies/disease-outbreak-news/item/1997_05_01-en/,Lassa fever,"",Sierra Leone,SLE
DON-1997-06-06,1997 - Fatal myocarditis in Malaysia,6/6/1997,https://www.who.int/emergencies/disease-outbreak-news/item/1997_06_06-en/,Syndromic: cardiovascular,Myocarditis,Malaysia,MYS
DON-1997-10-02-b,1997 - Hantavirus Pulmonary Syndrome in the Americas,10/2/1997,https://www.who.int/emergencies/disease-outbreak-news/item/1997_10_02b-en/,Hantavirus,HPS,Americas,""
DON-1997-10-28-b,1997 - Cholera in Kenya,10/28/1997,https://www.who.int/emergencies/disease-outbreak-news/item/1997_10_28b-en/,Cholera,"",Kenya,KEN
DON-1997-11-14-b,1997 - Monkeypox in the Democratic Republic of the Congo (former Zaire) - Update,11/14/1997,https://www.who.int/emergencies/disease-outbreak-news/item/1997_11_14b-en/,Monkeypox,"",Democratic Republic of the Congo,COD
DON-1997-11-19,1997 - Cholera in Mozambique - Update 3,11/19/1997,https://www.who.int/emergencies/disease-outbreak-news/item/1997_11_19-en/,Cholera,"",Mozambique,MOZ
DON-1998-01-07-a,1998 - Cholera in the United Republic of Tanzania (including Zanzibar),1/7/1998,https://www.who.int/emergencies/disease-outbreak-news/item/1998_01_07a-en/,Cholera,"",United Republic of Tanzania,TZA
DON-1998-08-31,1998 - Cholera in Bhutan,8/31/1998,https://www.who.int/emergencies/disease-outbreak-news/item/1998_08_31-en/,Cholera,"",Bhutan,BTN
DON-1998-10-22-b,1998 - Suspected pneumonia in Sudan,10/22/1998,https://www.who.int/emergencies/disease-outbreak-news/item/1998_10_22b-en/,Syndromic: respiratory,Pneumonia,Sudan,SDN
DON-1999-01-12,1999 - Cholera in Kenya,1/12/1999,https://www.who.int/emergencies/disease-outbreak-news/item/1999_01_20-en/,Meningococcal disease,"",Sudan,SDN
DON-1999-02-10,1999 - Rift Valley Fever in South Africa,2/10/1999,https://www.who.int/emergencies/disease-outbreak-news/item/1999_02_10-en/,Rift Valley fever,"",South Africa,ZAF
DON-1999-03-01,"1999- Acute respiratory infection in Afghanistan, Update",3/1/1999,https://www.who.int/emergencies/disease-outbreak-news/item/1999_03_01-en/,Syndromic: respiratory,"",Afghanistan,AFG
DON-1999-04-14-a,1999 - Cholera in Madagascar,4/14/1999,https://www.who.int/emergencies/disease-outbreak-news/item/1999_04_14a-en/,Cholera,"",Madagascar,MDG
DON-1999-04-30-b,1999 - Cholera in Somalia - Update,4/30/1999,https://www.who.int/emergencies/disease-outbreak-news/item/1999_04_30a-en/,Cholera,"",Somalia,SOM
DON-1999-05-21,1999 - Cholera in Cambodia,5/21/1999,https://www.who.int/emergencies/disease-outbreak-news/item/1999_05_21-en/,Cholera,"",Cambodia,KHM
DON-1999-06-23,1999 - Cholera outbreaks,6/23/1999,https://www.who.int/emergencies/disease-outbreak-news/item/1999_06_23-en/,Cholera,"",Burundi,BDI
DON-1999-06-23,1999 - Cholera outbreaks,6/23/1999,https://www.who.int/emergencies/disease-outbreak-news/item/1999_06_23-en/,Cholera,"",Madagascar,MDG
DON-1999-06-23,1999 - Cholera outbreaks,6/23/1999,https://www.who.int/emergencies/disease-outbreak-news/item/1999_06_23-en/,Cholera,"",Honduras,HND
DON-1999-06-23,1999 - Cholera outbreaks,6/23/1999,https://www.who.int/emergencies/disease-outbreak-news/item/1999_06_23-en/,Cholera,"",Nicaragua,NIC
DON-1999-06-23,1999 - Cholera outbreaks,6/23/1999,https://www.who.int/emergencies/disease-outbreak-news/item/1999_06_23-en/,Cholera,"",Afghanistan,AFG
DON-1999-06-23,1999 - Cholera outbreaks,6/23/1999,https://www.who.int/emergencies/disease-outbreak-news/item/1999_06_23-en/,Cholera,"",Brunei Darussalam,BRN
DON-1999-08-25,1999 - Polio in Afghanistan,8/25/1999,https://www.who.int/emergencies/disease-outbreak-news/item/1999_08_25-en/,Polio,"",Afghanistan,AFG
DON-1999-08-30,1999 - Haemorrhagic fever in Kosovo,8/30/1999,https://www.who.int/emergencies/disease-outbreak-news/item/1999_08_30-en/,Hantavirus,"",Kosovo,XKO
DON-1999-10-21,1999 - Meningococcal disease in Angola,10/21/1999,https://www.who.int/emergencies/disease-outbreak-news/item/1999_10_21-en/,Meningococcal disease,"",Angola,AGO
DON-1999-11-18-a,1999 - Cholera in Rwanda,11/18/1999,https://www.who.int/emergencies/disease-outbreak-news/item/1999_11_18-en/,Cholera,"",Rwanda,RWA
DON-2000-03-17,2000 - Meningococcal disease in Ethiopia,3/17/2000,https://www.who.int/emergencies/disease-outbreak-news/item/2000_03_17-en/,Meningococcal disease,"",Ethiopia,ETH
DON-2000-05-03,"2000 - Meningococcal disease in Singapore, Indonesia, Iran and Morocco",5/3/2000,https://www.who.int/emergencies/disease-outbreak-news/item/2000_05_03-en/,Meningococcal disease,"",Singapore,SGP
DON-2000-05-03,"2000 - Meningococcal disease in Singapore, Indonesia, Iran and Morocco",5/3/2000,https://www.who.int/emergencies/disease-outbreak-news/item/2000_05_03-en/,Meningococcal disease,"",Indonesia,IDN
DON-2000-05-03,"2000 - Meningococcal disease in Singapore, Indonesia, Iran and Morocco",5/3/2000,https://www.who.int/emergencies/disease-outbreak-news/item/2000_05_03-en/,Meningococcal disease,"",Iran,IRN
DON-2000-05-03,"2000 - Meningococcal disease in Singapore, Indonesia, Iran and Morocco",5/3/2000,https://www.who.int/emergencies/disease-outbreak-news/item/2000_05_03-en/,Meningococcal disease,"",Morocco,MAR
DON-2000-07-26,2000 - Imported case of Lassa fever in The Netherlands - Update,7/26/2000,https://www.who.int/emergencies/disease-outbreak-news/item/2000_07_26-en/,Lassa fever,"",Netherlands,NLD
DON-2000-09-22,2000 - West Nile fever in Israel,9/22/2000,https://www.who.int/emergencies/disease-outbreak-news/item/2000_09_22-en/,West Nile virus,"",Israel,ISR
DON-2000-10-23,2000 - Ebola haemorrhagic fever - Update 7,10/23/2000,https://www.who.int/emergencies/disease-outbreak-news/item/2000_10_23-en/,Ebola virus,"",Uganda,UGA
DON-2000-10-25-a,2000 - Rift Valley fever in Saudi Arabia - Update 3,10/25/2000,https://www.who.int/emergencies/disease-outbreak-news/item/2000_10_25-en/,Rift Valley fever,"",Saudi Arabia,SAU
DON-2000-11-09,2000 - Ebola hemorrhagic fever in Uganda- Update 24,11/9/2000,https://www.who.int/emergencies/disease-outbreak-news/item/2000_11_09-en/,Ebola virus,"",Uganda,UGA
DON-2000-12-05,2000 - Ebola haemorrhagic fever in Uganda - Update 33,12/5/2000,https://www.who.int/emergencies/disease-outbreak-news/item/2000_12_05-en/,Ebola virus,"",Uganda,UGA
DON-2001-01-09-a,2001 - Cholera in South Africa - Update 11,1/9/2001,https://www.who.int/emergencies/disease-outbreak-news/item/2001_01_09-en/,Cholera,"",South Africa,ZAF
DON-2001-02-20,2001 - Meningococcal disease in the African Meningitis Belt,2/20/2001,https://www.who.int/emergencies/disease-outbreak-news/item/2001_02_20-en/,Meningococcal disease,"",Benin,BEN
DON-2001-02-20,2001 - Meningococcal disease in the African Meningitis Belt,2/20/2001,https://www.who.int/emergencies/disease-outbreak-news/item/2001_02_20-en/,Meningococcal disease,"",Chad,TCD
DON-2001-02-20,2001 - Meningococcal disease in the African Meningitis Belt,2/20/2001,https://www.who.int/emergencies/disease-outbreak-news/item/2001_02_20-en/,Meningococcal disease,"",Ethiopia,ETH
DON-2001-03-08,2001- Meningococcal disease in the African Meningitis Belt - Update 2,3/8/2001,https://www.who.int/emergencies/disease-outbreak-news/item/2001_03_08-en/,Meningococcal disease,"",Chad,TCD
DON-2001-03-08,2001- Meningococcal disease in the African Meningitis Belt - Update 2,3/8/2001,https://www.who.int/emergencies/disease-outbreak-news/item/2001_03_08-en/,Meningococcal disease,"",Ethiopia,ETH
DON-2001-05-17,2001 - Isolation of influenza A(H5N1) virus in poultry in Hong Kong Special Administrative Region of China,5/17/2001,https://www.who.int/emergencies/disease-outbreak-news/item/2001_05_17-en/,Influenza A,H5N1,Hong Kong,HKG
DON-2001-06-14-b,2001- Crimean-Congo haemorrhagic fever in Kosovo - Update 2,6/14/2001,https://www.who.int/emergencies/disease-outbreak-news/item/2001_06_14a-en/,Crimean-Congo haemorrhagic fever,"",Kosovo,XKO
DON-2001-08-06,2001 - Cholera in Chad - Update,8/6/2001,https://www.who.int/emergencies/disease-outbreak-news/item/2001_08_06-en/,Cholera,"",Chad,TCD
DON-2001-09-05-a,2001 - Cholera in Chad - Update 4,9/5/2001,https://www.who.int/emergencies/disease-outbreak-news/item/2001_09_05-en/,Cholera,"",Chad,TCD
DON-2001-09-05-a,2001 - Cholera in Chad - Update 4,9/5/2001,https://www.who.int/emergencies/disease-outbreak-news/item/2001_09_05-en/,Cholera,"",Cameroon,CMR
DON-2001-09-26,2001 - Cholera in West Africa - Update,9/26/2001,https://www.who.int/emergencies/disease-outbreak-news/item/2001_09_26-en/,Cholera,"",Burkina Faso,BFA
DON-2001-09-26,2001 - Cholera in West Africa - Update,9/26/2001,https://www.who.int/emergencies/disease-outbreak-news/item/2001_09_26-en/,Cholera,"",Cote d'Ivoire,CIV
DON-2001-09-26,2001 - Cholera in West Africa - Update,9/26/2001,https://www.who.int/emergencies/disease-outbreak-news/item/2001_09_26-en/,Cholera,"",Guinea,GIN
DON-2001-10-29,2001 - Anthrax in the United States - Update 10,10/29/2001,https://www.who.int/emergencies/disease-outbreak-news/item/2001_10_29-en/,Anthrax,"",United States,USA
DON-2001-11-27,2001 - Cholera in Nigeria,11/27/2001,https://www.who.int/emergencies/disease-outbreak-news/item/2001_11_27-en/,Cholera,"",Nigeria,NGA
DON-2001-12-12-a,2001 - Ebola haemorrhagic fever in Gabon - Update 2,12/12/2001,https://www.who.int/emergencies/disease-outbreak-news/item/2001_12_12-en/,Ebola virus,"",Gabon,GAB
DON-2002-01-24,2002 - Ebola haemorrhagic fever in Gabon/The Republic of the Congo - Update 15,1/24/2002,https://www.who.int/emergencies/disease-outbreak-news/item/2002_01_24-en/,Ebola virus,"",Gabon,GAB
DON-2002-01-24,2002 - Ebola haemorrhagic fever in Gabon/The Republic of the Congo - Update 15,1/24/2002,https://www.who.int/emergencies/disease-outbreak-news/item/2002_01_24-en/,Ebola virus,"",Republic of the Congo,COG
DON-2002-01-28,2002 - Meningococcal meningitis in Somalia - Update 1,1/28/2002,https://www.who.int/emergencies/disease-outbreak-news/item/2002_01_28-en/,Meningococcal disease,"",Somalia,SOM
DON-2002-03-07,2002 - Meningococcal disease in Burkina Faso,3/7/2002,https://www.who.int/emergencies/disease-outbreak-news/item/2002_03_07-en/,Meningococcal disease,"",Burkina Faso,BFA
DON-2002-03-21-a,2002 - Dengue/dengue haemorrhagic fever in Brazil,3/21/2002,https://www.who.int/emergencies/disease-outbreak-news/item/2002_03_21-en/,Dengue fever,"",Brazil,BRA
DON-2002-03-22,2002 - Ebola haemorrhagic fever in Gabon/The Republic of the Congo - Update 21,3/22/2002,https://www.who.int/emergencies/disease-outbreak-news/item/2002_03_22-en/,Ebola virus,"",Gabon,GAB
DON-2002-03-22,2002 - Ebola haemorrhagic fever in Gabon/The Republic of the Congo - Update 21,3/22/2002,https://www.who.int/emergencies/disease-outbreak-news/item/2002_03_22-en/,Ebola virus,"",Republic of the Congo,COG
DON-2002-05-09,2002 - Ebola haemorrhagic fever in Gabon - Update 23,5/9/2002,https://www.who.int/emergencies/disease-outbreak-news/item/2002_05_09-en/,Ebola virus,"",Gabon,GAB
DON-2002-05-17,2002 - Meningococcal disease in Burkina Faso - Update 6,5/17/2002,https://www.who.int/emergencies/disease-outbreak-news/item/2002_05_17-en/,Meningococcal disease,"",Burkina Faso,BFA
DON-2002-06-19,2002 - Suspected acute haemorrhagic fever syndrome in The Republic of the Congo - Update,6/19/2002,https://www.who.int/emergencies/disease-outbreak-news/item/2002_06_19e-en/,Syndromic: haemorrhagic,"",Republic of the Congo,COG
DON-2002-06-24,2002 - Suspected acute haemorrhagic fever syndrome in Gabon,6/24/2002,https://www.who.int/emergencies/disease-outbreak-news/item/2002_06_24e-en/,Syndromic: haemorrhagic,"",Gabon,GAB
DON-2002-06-28-b,2002 - Suspected acute haemorrhagic fever syndrome in Gabon - Update,6/28/2002,https://www.who.int/emergencies/disease-outbreak-news/item/2002_06_28a-en/,Syndromic: haemorrhagic,"",Gabon,GAB
DON-2002-07-12-b,2002 - Acute watery diarrhoeal syndrome in Afghanistan,7/12/2002,https://www.who.int/emergencies/disease-outbreak-news/item/2002_07_17-en/,Cholera,"",Afghanistan,AFG
DON-2002-08-16-a,2002 - Dengue/dengue haemorrhagic fever in Ecuador,8/16/2002,https://www.who.int/emergencies/disease-outbreak-news/item/2002_08_16-en/,Dengue fever,"",Ecuador,ECU
DON-2002-08-27,2002 - West Nile virus in the United States,8/27/2002,https://www.who.int/emergencies/disease-outbreak-news/item/2002_08_27-en/,West Nile virus,"",United States,USA
DON-2002-10-02,"2002 - Meningococcal disease in the Great Lakes area (Burundi, United Republic of Tanzania) - Update 3",10/2/2002,https://www.who.int/emergencies/disease-outbreak-news/item/2002_10_02-en/,Meningococcal disease,"",Burundi,BDI
DON-2002-10-02,"2002 - Meningococcal disease in the Great Lakes area (Burundi, United Republic of Tanzania) - Update 3",10/2/2002,https://www.who.int/emergencies/disease-outbreak-news/item/2002_10_02-en/,Meningococcal disease,"",United Republic of Tanzania,TZA
DON-2002-11-01,2002 - Yellow fever in Senegal - Update 4,11/1/2002,https://www.who.int/emergencies/disease-outbreak-news/item/2002_11_01-en/,Yellow fever,"",Senegal,SEN
DON-2003-01-08-a,Cholera in Cote d'Ivoire,1/8/2003,https://www.who.int/emergencies/disease-outbreak-news/item/2003_01_08-en/,Cholera,"",Cote d'Ivoire,CIV
DON-2003-02-04,Meningococcal disease in Burkina Faso,2/4/2003,https://www.who.int/emergencies/disease-outbreak-news/item/2003_02_04-en/,Meningococcal disease,"",Burkina Faso,BFA
DON-2003-02-12-a,Influenza in the Democratic Republic of the Congo,2/12/2003,https://www.who.int/emergencies/disease-outbreak-news/item/2003_02_12-en/,Influenza A,H3N2,Democratic Republic of the Congo,COD
DON-2003-03-25,Severe Acute Respiratory Syndrome (SARS) multi-country outbreak - Update 9,3/25/2003,https://www.who.int/emergencies/disease-outbreak-news/item/2003_03_25-en/,SARS-CoV,"",Global,""
DON-2003-04-04,Severe Acute Respiratory Syndrome (SARS) - multi-country outbreak - Update 21,4/4/2003,https://www.who.int/emergencies/disease-outbreak-news/item/2003_04_04-en/,SARS-CoV,"",Global,""
DON-2003-04-19,Severe Acute Respiratory Syndrome (SARS) - multi-country outbreak - Update 34,4/19/2003,https://www.who.int/emergencies/disease-outbreak-news/item/2003_04_19-en/,SARS-CoV,"",Global,""
DON-2003-04-21,Severe Acute Respiratory Syndrome (SARS) - multi-country outbreak - Update 35,4/21/2003,https://www.who.int/emergencies/disease-outbreak-news/item/2003_04_21-en/,SARS-CoV,"",China,CHN
DON-2003-04-24-a,Avian influenza in the Netherlands,4/24/2003,https://www.who.int/emergencies/disease-outbreak-news/item/2003_04_24-en/,Influenza A,H7N7,Netherlands,NLD
DON-2003-05-05,Severe Acute Respiratory Syndrome (SARS)-multi-country outbreak - Update 47,5/5/2003,https://www.who.int/emergencies/disease-outbreak-news/item/2003_05_05-en/,SARS-CoV,"",Global,""
DON-2003-05-10,Severe Acute Respiratory Syndrome (SARS)-multi-country outbreak - Update 52,5/10/2003,https://www.who.int/emergencies/disease-outbreak-news/item/2003_05_10-en/,SARS-CoV,"",Global,""
DON-2003-05-23-a,Cholera in South Africa,5/23/2003,https://www.who.int/emergencies/disease-outbreak-news/item/2003_05_23a-en/,Cholera,"",South Africa,ZAF
DON-2003-05-30-a,Update 70 - Singapore removed from list of areas with local SARS transmission,5/30/2003,https://www.who.int/emergencies/disease-outbreak-news/item/2003_05_30a-en/,SARS-CoV,"",Singapore,SGP
DON-2003-06-03,Update 72 - Situation in China,6/3/2003,https://www.who.int/emergencies/disease-outbreak-news/item/2003_06_03-en/,SARS-CoV,"",China,CHN
DON-2003-06-24-a,"Update 87 - World Health Organization changes last remaining travel recommendation -- for Beijing, China",6/24/2003,https://www.who.int/emergencies/disease-outbreak-news/item/2003_06_24-en/,SARS-CoV,"",China,CHN
DON-2003-06-25,Update 88 - New cases reported in China and Japan,6/25/2003,https://www.who.int/emergencies/disease-outbreak-news/item/2003_06_25-en/,SARS-CoV,"",China,CHN
DON-2003-06-25,Update 88 - New cases reported in China and Japan,6/25/2003,https://www.who.int/emergencies/disease-outbreak-news/item/2003_06_25-en/,SARS-CoV,"",Japan,JPN
DON-2003-07-01,"Update 92 - Chronology of travel recommendations, areas with local transmission",7/1/2003,https://www.who.int/emergencies/disease-outbreak-news/item/2003_07_01-en/,SARS-CoV,"",Global,""
DON-2003-09-02,Cholera in Liberia - Update 5,9/2/2003,https://www.who.int/emergencies/disease-outbreak-news/item/2003_09_02-en/,Cholera,"",Liberia,LBR
DON-2003-09-10,Severe acute respiratory syndrome (SARS) in Singapore,9/10/2003,https://www.who.int/emergencies/disease-outbreak-news/item/2003_09_10-en/,SARS-CoV,"",Singapore,SGP
DON-2003-09-16,Severe acute respiratory syndrome (SARS) in Singapore - update,9/16/2003,https://www.who.int/emergencies/disease-outbreak-news/item/2003_09_16-en/,SARS-CoV,"",Singapore,SGP
DON-2003-12-23,Widespread human influenza activity persists in northern hemisphere - update 5,12/23/2003,https://www.who.int/emergencies/disease-outbreak-news/item/2003_12_23-en/,Influenza A,"",Northern Hemisphere,""
DON-2004-01-13-a,Avian influenza A(H5N1) in humans and poultry in VietNam,1/13/2004,https://www.who.int/emergencies/disease-outbreak-news/item/2004_01_13-en/,Influenza A,H5N1,Vietnam,VNM
DON-2004-01-13-b,Human influenza A(H3N2) activity remains widespread in many countries - update 7,1/13/2004,https://www.who.int/emergencies/disease-outbreak-news/item/2004_01_13a-en/,Influenza A,H3N2,Global,""
DON-2004-01-21,Human influenza A/H3N2 activity increases in many countries in central and eastern Europe - update 8,1/21/2004,https://www.who.int/emergencies/disease-outbreak-news/item/2004_01_21-en/,Influenza A,H3N2,Global,""
DON-2004-02-05,"Avian influenza A(H5N1) - update 18: FAO/OIE/WHO Technical Consultation on the Control of Avian Influenza,  Situation (human) in Thailand and VietNam",2/5/2004,https://www.who.int/emergencies/disease-outbreak-news/item/2004_02_05-en/,Influenza A,H5N1,Vietnam,VNM
DON-2004-02-05,"Avian influenza A(H5N1) - update 18: FAO/OIE/WHO Technical Consultation on the Control of Avian Influenza,  Situation (human) in Thailand and Viet Nam",2/5/2004,https://www.who.int/emergencies/disease-outbreak-news/item/2004_02_05-en/,Influenza A,H5N1,Thailand,THA
DON-2004-02-12-a,Nipah-like virus in Bangladesh,2/12/2004,https://www.who.int/emergencies/disease-outbreak-news/item/2004_02_12-en/,Nipah virus,Nipah virus-B,Bangladesh,BGD
DON-2004-02-18-b,Recent outbreaks of cholera in Africa,2/18/2004,https://www.who.int/emergencies/disease-outbreak-news/item/2004_02_18a-en/,Cholera,"",Burundi,BDI
DON-2004-02-18-b,Recent outbreaks of cholera in Africa,2/18/2004,https://www.who.int/emergencies/disease-outbreak-news/item/2004_02_18a-en/,Cholera,"",Cameroon,CMR
DON-2004-02-18-b,Recent outbreaks of cholera in Africa,2/18/2004,https://www.who.int/emergencies/disease-outbreak-news/item/2004_02_18a-en/,Cholera,"",Mali,MLI
DON-2004-02-18-b,Recent outbreaks of cholera in Africa,2/18/2004,https://www.who.int/emergencies/disease-outbreak-news/item/2004_02_18a-en/,Cholera,"",Mozambique,MOZ
DON-2004-02-18-b,Recent outbreaks of cholera in Africa,2/18/2004,https://www.who.int/emergencies/disease-outbreak-news/item/2004_02_18a-en/,Cholera,"",South Africa,ZAF
DON-2004-02-18-b,Recent outbreaks of cholera in Africa,2/18/2004,https://www.who.int/emergencies/disease-outbreak-news/item/2004_02_18a-en/,Cholera,"",Zambia,ZMB
DON-2004-03-26-a,Meningococcal disease in Burkina Faso,3/26/2004,https://www.who.int/emergencies/disease-outbreak-news/item/2004_03_26-en/,Meningococcal disease,"",Burkina Faso,BFA
DON-2004-04-26,Additional patients in China under investigation for SARS; WHO team travels to Beijing - update 2,4/26/2004,https://www.who.int/emergencies/disease-outbreak-news/item/2004_04_26-en/,SARS-CoV,"",China,CHN
DON-2004-05-26,Ebola haemorrhagic fever in south Sudan - update 2,5/26/2004,https://www.who.int/emergencies/disease-outbreak-news/item/2004_05_26-en/,Ebola virus,"",Sudan,SDN
DON-2004-06-01-a,Yellow fever in Burkina Faso - update,6/1/2004,https://www.who.int/emergencies/disease-outbreak-news/item/2004_06_01-en/,Yellow fever,"",Burkina Faso,BFA
DON-2004-07-16,"Avian Influenza - Necessary precautions to prevent human infection of H5N1, need for virus sharing",7/16/2004,https://www.who.int/emergencies/disease-outbreak-news/item/2004_07_16-en/,Influenza A,H5N1,Asia,""
DON-2005-01-26,Avian influenza - situation in VietNam - update 6,1/26/2005,https://www.who.int/emergencies/disease-outbreak-news/item/2005_01_26-en/,Influenza A,H5N1,Vietnam,VNM
DON-2005-02-10,Dengue haemorrhagic fever in Timor-Leste - update 2,2/10/2005,https://www.who.int/emergencies/disease-outbreak-news/item/2005_02_10-en/,Dengue fever,"",Timor-Leste,TLS
DON-2005-03-23-a,Marburg haemorrhagic fever in Angola - update,3/23/2005,https://www.who.int/emergencies/disease-outbreak-news/item/2005_03_23-en/,Marburg fever,"",Angola,AGO
DON-2005-03-24-b,Marburg haemorrhagic fever in Angola - update 2,3/24/2005,https://www.who.int/emergencies/disease-outbreak-news/item/2005_03_24a-en/,Marburg fever,"",Angola,AGO
DON-2005-04-04-a,Avian influenza - situation in VietNam - update 14,4/4/2005,https://www.who.int/emergencies/disease-outbreak-news/item/2005_04_04-en/,Influenza A,"",Vietnam,VNM
DON-2005-04-07,Marburg haemorrhagic fever in Angola - update 8,4/7/2005,https://www.who.int/emergencies/disease-outbreak-news/item/2005_04_07-en/,Marburg fever,"",Angola,AGO
DON-2005-05-06,Marburg haemorrhagic fever in Angola - update 17,5/6/2005,https://www.who.int/emergencies/disease-outbreak-news/item/2005_05_06-en/,Marburg fever,"",Angola,AGO
DON-2005-05-27-b,Marburg haemorrhagic fever in Angola - update 20,5/27/2005,https://www.who.int/emergencies/disease-outbreak-news/item/2005_05_27a-en/,Marburg fever,"",Angola,AGO
DON-2005-06-14-a,Meningococcal disease in India - update 4,6/14/2005,https://www.who.int/emergencies/disease-outbreak-news/item/2005_06_14-en/,Meningococcal disease,"",India,IND
DON-2005-06-15,Poliomyelitis in Indonesia - update 4,6/15/2005,https://www.who.int/emergencies/disease-outbreak-news/item/2005_06_15-en/,Polio,"",Indonesia,IDN
DON-2005-06-16-b,Avian influenza - situation in VietNam - update 21,6/16/2005,https://www.who.int/emergencies/disease-outbreak-news/item/2005_06_16a-en/,Influenza A,H5N1,Vietnam,VNM
DON-2005-07-21-b,Avian influenza - situation in Indonesia - update 25,7/21/2005,https://www.who.int/emergencies/disease-outbreak-news/item/2005_07_21a-en/,Influenza A,H5N1,Indonesia,IDN
DON-2005-08-03,Outbreak associated with Streptococcus suis in pigs in China,8/3/2005,https://www.who.int/emergencies/disease-outbreak-news/item/2005_08_03-en/,Streptococcus suis,"",China,CHN
DON-2005-09-29,Avian influenza - situation in Indonesia - update 32,9/29/2005,https://www.who.int/emergencies/disease-outbreak-news/item/2005_09_29-en/,Influenza A,H5N1,Indonesia,IDN
DON-2005-11-21,Yellow fever in Sudan,11/21/2005,https://www.who.int/emergencies/disease-outbreak-news/item/2005_11_21-en/,Yellow fever,"",Sudan,SDN
DON-2005-11-28-b,Yellow fever in Mali - Update 3,11/28/2005,https://www.who.int/emergencies/disease-outbreak-news/item/2005_11_28a-en/,Yellow fever,"",Mali,MLI
DON-2005-12-19,Yellow fever in Guinea - update,12/19/2005,https://www.who.int/emergencies/disease-outbreak-news/item/2005_12_19-en/,Yellow fever,"",Guinea,GIN
DON-2005-12-30,Avian influenza - situation in China - update 51,12/30/2005,https://www.who.int/emergencies/disease-outbreak-news/item/2005_12_30-en/,Influenza A,H5N1,China,CHN
DON-2006-02-06,Avian influenza - situation in Indonesia - update 2,2/6/2006,https://www.who.int/emergencies/disease-outbreak-news/item/2006_02_06-en/,Influenza A,H5N1,Indonesia,IDN
DON-2006-02-07,Avian influenza - situation in Iraq - Update 2,2/7/2006,https://www.who.int/emergencies/disease-outbreak-news/item/2006_02_07-en/,Influenza A,H5N1,Iraq,IRQ
DON-2006-02-28-b,H5N1 avian influenza in domestic cats,2/28/2006,https://www.who.int/emergencies/disease-outbreak-news/item/2006_02_28a-en/,Influenza A,H5N1,Germany,DEU
DON-2006-03-08,Avian influenza - situation in China - update 7,3/8/2006,https://www.who.int/emergencies/disease-outbreak-news/item/2006_03_08-en/,Influenza A,H5N1,China,CHN
DON-2006-03-16,Poliomyelitis in Bangladesh,3/16/2006,https://www.who.int/emergencies/disease-outbreak-news/item/2006_03_16-en/,Polio,"",Bangladesh,BGD
DON-2006-03-17,Chikungunya and Dengue in the south west Indian Ocean,3/17/2006,https://www.who.int/emergencies/disease-outbreak-news/item/2006_03_17-en/,Chikungunya,"",La R-union Island,REU
DON-2006-03-17,Chikungunya and Dengue in the south west Indian Ocean,3/17/2006,https://www.who.int/emergencies/disease-outbreak-news/item/2006_03_17-en/,Chikungunya,"",Mayotte,MYT
DON-2006-03-17,Chikungunya and Dengue in the south west Indian Ocean,3/17/2006,https://www.who.int/emergencies/disease-outbreak-news/item/2006_03_17-en/,Chikungunya,"",Mauritius,MUS
DON-2006-03-17,Chikungunya and Dengue in the south west Indian Ocean,3/17/2006,https://www.who.int/emergencies/disease-outbreak-news/item/2006_03_17-en/,Chikungunya,"",Seychelles,SYC
DON-2006-03-17,Chikungunya and Dengue in the south west Indian Ocean,3/17/2006,https://www.who.int/emergencies/disease-outbreak-news/item/2006_03_17-en/,Chikungunya,"",India,IND
DON-2006-03-17,Chikungunya and Dengue in the south west Indian Ocean,3/17/2006,https://www.who.int/emergencies/disease-outbreak-news/item/2006_03_17-en/,Dengue fever,"",Madagascar,MDG
DON-2006-03-17,Chikungunya and Dengue in the south west Indian Ocean,3/17/2006,https://www.who.int/emergencies/disease-outbreak-news/item/2006_03_17-en/,Dengue fever,"",Maldives,MDV
DON-2006-03-17,Chikungunya and Dengue in the south west Indian Ocean,3/17/2006,https://www.who.int/emergencies/disease-outbreak-news/item/2006_03_17-en/,Dengue fever,"",La R-union Island,REU
DON-2006-03-24-a,Avian influenza - situation in Cambodia,3/24/2006,https://www.who.int/emergencies/disease-outbreak-news/item/2006_03_24-en/,Influenza A,H5N1,Cambodia,KHM
DON-2006-04-06-a,Avian influenza - situation in Cambodia  - update,4/6/2006,https://www.who.int/emergencies/disease-outbreak-news/item/2006_04_06-en/,Influenza A,H5N1,Cambodia,KHM
DON-2006-05-23,Avian influenza - situation in Indonesia - update 14,5/23/2006,https://www.who.int/emergencies/disease-outbreak-news/item/2006_05_23-en/,Influenza A,H5N1,Indonesia,IDN
DON-2006-06-06-c,Avian influenza - situation in Indonesia - update 18,6/6/2006,https://www.who.int/emergencies/disease-outbreak-news/item/2006_06_06b-en/,Influenza A,H5N1,Indonesia,IDN
DON-2006-06-14,Plague in the Democratic Republic of the Congo,6/14/2006,https://www.who.int/emergencies/disease-outbreak-news/item/2006_06_14-en/,Plague,"",Democratic Republic of the Congo,COD
DON-2006-06-16,Avian influenza - situation in China - update 12,6/16/2006,https://www.who.int/emergencies/disease-outbreak-news/item/2006_06_16-en/,Influenza A,H5N1,China,CHN
DON-2006-06-21-a,Cholera in Angola - update 5,6/21/2006,https://www.who.int/emergencies/disease-outbreak-news/item/2006_06_21-en/,Cholera,"",Angola,AGO
DON-2006-08-07,Avian influenza - situation in Thailand - update,8/7/2006,https://www.who.int/emergencies/disease-outbreak-news/item/2006_08_07-en/,Influenza A,H5N1,Thailand,THA
DON-2006-08-21,Avian influenza - situation in Indonesia -  update 28,8/21/2006,https://www.who.int/emergencies/disease-outbreak-news/item/2006_08_21-en/,Influenza A,H5N1,Indonesia,IDN
DON-2006-09-25,Avian influenza - situation in Indonesia -  update 32,9/25/2006,https://www.who.int/emergencies/disease-outbreak-news/item/2006_09_25-en/,Influenza A,H5N1,Indonesia,IDN
DON-2006-10-03,Avian influenza - situation in Indonesia -  update 35,10/3/2006,https://www.who.int/emergencies/disease-outbreak-news/item/2006_10_03-en/,Influenza A,H5N1,Indonesia,IDN
DON-2006-10-04,Acute watery diarrhoeal syndrome in Ethiopia,10/4/2006,https://www.who.int/emergencies/disease-outbreak-news/item/2006_10_04-en/,Syndromic: diarrhoeal,"",Ethiopia,ETH
DON-2006-10-11-b,Botulism in the United States and Canada,10/11/2006,https://www.who.int/emergencies/disease-outbreak-news/item/2006_10_11a-en/,Botulism,"",United States,USA
DON-2006-10-11-b,Botulism in the United States and Canada,10/11/2006,https://www.who.int/emergencies/disease-outbreak-news/item/2006_10_11a-en/,Botulism,"",Canada,CAN
DON-2006-10-13,Plague in the Democratic Republic of the Congo,10/13/2006,https://www.who.int/emergencies/disease-outbreak-news/item/2006_10_13-en/,Plague,"",Democratic Republic of the Congo,COD
DON-2006-12-27-a,Rift Valley Fever in Kenya - update,12/27/2006,https://www.who.int/emergencies/disease-outbreak-news/item/2006_12_27-en/,Rift Valley fever,"",Kenya,KEN
DON-2007-01-24,Meningococcal disease in Uganda,1/24/2007,https://www.who.int/emergencies/disease-outbreak-news/item/2007_01_24-en/,Meningococcal disease,"",Uganda,UGA
DON-2007-02-07-b,Poliomyelitis in Chad,2/7/2007,https://www.who.int/emergencies/disease-outbreak-news/item/2007_02_07a-en/,Polio,"",Chad,TCD
DON-2007-02-15-b,Meningococcal disease in Sudan,2/15/2007,https://www.who.int/emergencies/disease-outbreak-news/item/2007_2_15-en/,Meningococcal disease,"",Sudan,SDN
DON-2007-03-15-b,Meningococcal disease in Sudan - update,3/15/2007,https://www.who.int/emergencies/disease-outbreak-news/item/2007_3_15a-en/,Meningococcal disease,"",Sudan,SDN
DON-2007-04-10-a,Avian influenza - situation in Egypt - update 14,4/10/2007,https://www.who.int/emergencies/disease-outbreak-news/item/2007_04_10-en/,Influenza A,H5N1,Egypt,EGY
DON-2007-06-04-a,Avian influenza A/(H7N2) in the United Kingdom - update,6/4/2007,https://www.who.int/emergencies/disease-outbreak-news/item/2007_06_04-en/,Influenza A,H7N2,United Kingdom,GBR
DON-2007-06-04-b,Avian influenza - situation in China - update 3,6/4/2007,https://www.who.int/emergencies/disease-outbreak-news/item/2007_06_04a-en/,Influenza A,H5N1,China,CHN
DON-2007-06-11,Avian influenza - situation in Egypt - update 16,6/11/2007,https://www.who.int/emergencies/disease-outbreak-news/item/2007_06_11-en/,Influenza A,H5N1,Egypt,EGY
DON-2007-07-25,Avian influenza - situation in Egypt - update 19,7/25/2007,https://www.who.int/emergencies/disease-outbreak-news/item/2007_07_25-en/,Influenza A,H5N1,Egypt,EGY
DON-2007-09-10-a,Avian influenza - situation in Indonesia - update 16,9/10/2007,https://www.who.int/emergencies/disease-outbreak-news/item/2007_09_10-en/,Influenza A,H5N1,Indonesia,IDN
DON-2007-10-25,Avian influenza - situation in Indonesia - update 21,10/25/2007,https://www.who.int/emergencies/disease-outbreak-news/item/2007_10_25-en/,Influenza A,H5N1,Indonesia,IDN
DON-2007-11-21,Unknown illness in Angola - Update,11/21/2007,https://www.who.int/emergencies/disease-outbreak-news/item/2007_11_21-en/,Unspecified,"",Angola,AGO
DON-2007-11-30-a,Mass Bromide poisoning in Angola - update 2,11/30/2007,https://www.who.int/emergencies/disease-outbreak-news/item/2007_11_30-en/,Toxicity: bromide poisoning,"",Angola,AGO
DON-2007-11-30-b,Ebola haemorrhagic fever in Uganda,11/30/2007,https://www.who.int/emergencies/disease-outbreak-news/item/2007_11_30a-en/,Ebola virus,"",Uganda,UGA
DON-2007-12-26-a,Avian influenza - situation in Indonesia - update 28,12/26/2007,https://www.who.int/emergencies/disease-outbreak-news/item/2007_12_26-en/,Influenza A,H5N1,Indonesia,IDN
DON-2008-02-01,Avian influenza - situation in Indonesia - update 37,2/1/2008,https://www.who.int/emergencies/disease-outbreak-news/item/2008_02_01-en/,Influenza A,H5N1,Indonesia,IDN
DON-2008-03-11,Avian influenza - situation in Egypt - update 7,3/11/2008,https://www.who.int/emergencies/disease-outbreak-news/item/2008_03_11-en/,Influenza A,H5N1,Egypt,EGY
DON-2008-04-17,Avian influenza - situation in Egypt - update 10,4/17/2008,https://www.who.int/emergencies/disease-outbreak-news/item/2008_04_17-en/,Influenza A,H5N1,Egypt,EGY
DON-2008-09-29-c,Cholera in Iraq - update,9/29/2008,https://www.who.int/emergencies/disease-outbreak-news/item/2008_09_29c-en/,Cholera,"",Iraq,IRQ
DON-2008-10-13,New virus from Arenaviridae family in South Africa and Zambia - Update,10/13/2008,https://www.who.int/emergencies/disease-outbreak-news/item/2008_10_13-en/,Lujo mammarenavirus,"",South Africa,ZAF
DON-2008-10-13,New virus from Arenaviridae family in South Africa and Zambia - Update,10/13/2008,https://www.who.int/emergencies/disease-outbreak-news/item/2008_10_13-en/,Lujo mammarenavirus,"",Zambia,ZMB
DON-2008-12-09,Avian influenza - situation in Indonesia - update 45,12/9/2008,https://www.who.int/emergencies/disease-outbreak-news/item/2008_12_09-en/,Influenza A,H5N1,Indonesia,IDN
DON-2009-01-24,Avian influenza - situation in China - update 2,1/24/2009,https://www.who.int/emergencies/disease-outbreak-news/item/2009_01_24-en/,Influenza A,H5N1,China,CHN
DON-2009-03-02-b,Polio in Sudan - high risk of international spread,3/2/2009,https://www.who.int/emergencies/disease-outbreak-news/item/2009_03_02a-en/,Polio,WPV: WPV1,Sudan,SDN
DON-2009-03-02-b,Polio in Sudan - high risk of international spread,3/2/2009,https://www.who.int/emergencies/disease-outbreak-news/item/2009_03_02a-en/,Polio,WPV: WPV1,Kenya,KEN
DON-2009-03-02-b,Polio in Sudan - high risk of international spread,3/2/2009,https://www.who.int/emergencies/disease-outbreak-news/item/2009_03_02a-en/,Polio,WPV: WPV1,Uganda,UGA
DON-2009-03-11,Avian influenza - situation in Egypt - update 7,3/11/2009,https://www.who.int/emergencies/disease-outbreak-news/item/2009_03_11-en/,Influenza A,H5N1,Egypt,EGY
DON-2009-03-30,Avian influenza - situation in Egypt - update 9,3/30/2009,https://www.who.int/emergencies/disease-outbreak-news/item/2009_03_30-en/,Influenza A,H5N1,Egypt,EGY
DON-2009-04-17,Avian influenza - situation in Egypt - update 11,4/17/2009,https://www.who.int/emergencies/disease-outbreak-news/item/2009_04_17-en/,Influenza A,H5N1,Egypt,EGY
DON-2009-05-06-a,Influenza A(H1N1) - update 17,5/6/2009,https://www.who.int/emergencies/disease-outbreak-news/item/2009_05_06-en/,Influenza A,H1N1,Global,""
DON-2009-05-07-a,Influenza A(H1N1) - update 19,5/7/2009,https://www.who.int/emergencies/disease-outbreak-news/item/2009_05_07-en/,Influenza A,H1N1,Global,""
DON-2009-05-15-a,Influenza A(H1N1) - update 29,5/15/2009,https://www.who.int/emergencies/disease-outbreak-news/item/2009_05_15-en/,Influenza A,H1N1,Global,""
DON-2009-05-15-b,Avian influenza - situation in Egypt - update 15,5/15/2009,https://www.who.int/emergencies/disease-outbreak-news/item/2009_05_15a-en/,Influenza A,H5N1,Egypt,EGY
DON-2009-05-21,Influenza A(H1N1) - update 35,5/21/2009,https://www.who.int/emergencies/disease-outbreak-news/item/2009_05_21-en/,Influenza A,H1N1,Global,""
DON-2009-05-23,Influenza A(H1N1) - update 37,5/23/2009,https://www.who.int/emergencies/disease-outbreak-news/item/2009_05_23-en/,Influenza A,H1N1,Global,""
DON-2009-06-02,Avian influenza - situation in Egypt - update 19,6/2/2009,https://www.who.int/emergencies/disease-outbreak-news/item/2009_06_02-en/,Influenza A,H5N1,Egypt,EGY
DON-2009-10-09,Pandemic (H1N1) 2009 - update 69,10/9/2009,https://www.who.int/emergencies/disease-outbreak-news/item/2009_10_09-en/,Influenza A,H1N1,Global,""
DON-2009-12-01,Yellow Fever in the Central African Republic,12/1/2009,https://www.who.int/emergencies/disease-outbreak-news/item/2009_12_01-en/,Yellow fever,"",Central African Republic,CAF
DON-2010-01-08-a,Pandemic (H1N1) 2009 - update 82,1/8/2010,https://www.who.int/emergencies/disease-outbreak-news/item/2010_01_08-en/,Influenza A,H1N1,Global,""
DON-2010-06-18,Pandemic (H1N1) 2009 - update 105,6/18/2010,https://www.who.int/emergencies/disease-outbreak-news/item/2010_06_18-en/,Influenza A,H1N1,Global,""
DON-2010-07-02-b,Suspected Acute Haemorrhagic Fever in the Republic of the Congo update,7/2/2010,https://www.who.int/emergencies/disease-outbreak-news/item/2010_07_02a-en/,Syndromic: haemorrhagic,"",Republic of the Congo,COG
DON-2010-10-28,Cholera in Haiti - update,10/28/2010,https://www.who.int/emergencies/disease-outbreak-news/item/2010_10_28-en/,Cholera,"",Haiti,HTI
DON-2011-03-25,Avian influenza - situation in Indonesia - update 2,3/25/2011,https://www.who.int/emergencies/disease-outbreak-news/item/2011_03_25-en/,Influenza A,H5N1,Indonesia,IDN
DON-2012-01-19-b,Avian influenza - situation in Egypt - update,1/19/2012,https://www.who.int/emergencies/disease-outbreak-news/item/2012_01_19b-en/,Influenza A,H5N1,Egypt,EGY
DON-2012-02-24,Avian influenza - situation in Egypt - update,2/24/2012,https://www.who.int/emergencies/disease-outbreak-news/item/2012_02_24-en/,Influenza A,H5N1,Egypt,EGY
DON-2012-08-17-a,Ebola in Uganda - update,8/17/2012,https://www.who.int/emergencies/disease-outbreak-news/item/2012_08_17-en/,Ebola virus,"",Uganda,UGA
DON-2012-09-04,"Hantavirus pulmonary syndrome - Yosemite National Park, United States of America",9/4/2012,https://www.who.int/emergencies/disease-outbreak-news/item/2012_09_04-en/,Hantavirus,HPS,United States of America,USA
DON-2012-09-18-a,Ebola outbreak in Democratic Republic of Congo - update,9/18/2012,https://www.who.int/emergencies/disease-outbreak-news/item/2012_09_18-en/,Ebola virus,"",Democratic Republic of the Congo,COD
DON-2012-09-27,Ebola outbreak in Democratic Republic of Congo - update,9/27/2012,https://www.who.int/emergencies/disease-outbreak-news/item/2012_09_27-en/,Ebola virus,"",Democratic Republic of the Congo,COD
DON-2012-10-08-a,Cholera in Sierra Leone - update,10/8/2012,https://www.who.int/emergencies/disease-outbreak-news/item/2012_10_08-en/,Cholera,"",Sierra Leone,SLE
DON-2012-11-01,Rift Valley fever in Mauritania,11/1/2012,https://www.who.int/emergencies/disease-outbreak-news/item/2012_11_01-en/,Rift Valley fever,"",Mauritania,MRT
DON-2012-11-30-b,Ebola in Uganda - update,11/30/2012,https://www.who.int/emergencies/disease-outbreak-news/item/2012_11_30_ebola-en/,Ebola virus,"",Uganda,UGA
DON-2012-12-12,Yellow fever in the Republic of Congo,12/12/2012,https://www.who.int/emergencies/disease-outbreak-news/item/2012_12_12-en/,Yellow fever,"",Republic of Congo,COG
DON-2013-04-11,Human infection with influenza A(H7N9) virus in China - update,4/11/2013,https://www.who.int/emergencies/disease-outbreak-news/item/2013_04_11-en/,Influenza A,H7N9,China,CHN
DON-2013-04-21,Human infection with avian influenza A(H7N9) virus in China - update,4/21/2013,https://www.who.int/emergencies/disease-outbreak-news/item/2013_04_21-en/,Influenza A,H7N9,China,CHN
DON-2013-05-03,Novel coronavirus infection - update,5/3/2013,https://www.who.int/emergencies/disease-outbreak-news/item/2013_05_03_ncov-en/,MERS-CoV,"",Saudi Arabia,SAU
DON-2013-05-23,Novel coronavirus infection - update (Middle East respiratory syndrome- coronavirus),5/23/2013,https://www.who.int/emergencies/disease-outbreak-news/item/2013_05_23_ncov-en/,MERS-CoV,"",Saudi Arabia,SAU
DON-2013-05-29-b,Middle East respiratory syndrome- coronavirus  - update,5/29/2013,https://www.who.int/emergencies/disease-outbreak-news/item/2013_05_29_ncov-en/,MERS-CoV,"",Saudi Arabia,SAU
DON-2013-06-07,Middle East respiratory syndrome coronavirus (MERS-CoV) - update,6/7/2013,https://www.who.int/emergencies/disease-outbreak-news/item/2013_06_07-en/,MERS-CoV,"",Saudi Arabia,SAU
DON-2013-06-14-b,Yellow fever in the Democratic Republic of Congo,6/14/2013,https://www.who.int/emergencies/disease-outbreak-news/item/2013_06_14_yellowfever-en/,Yellow fever,"",Democratic Republic of the Congo,COD
DON-2013-07-15,Poliovirus detected from environmental samples in Israel - update,7/15/2013,https://www.who.int/emergencies/disease-outbreak-news/item/2013_07_15-en/,Polio,WPV: WPV1,Israel,ISR
DON-2013-08-29,Middle East respiratory syndrome coronavirus (MERS-CoV) - update,8/29/2013,https://www.who.int/emergencies/disease-outbreak-news/item/2013_08_29-en/,MERS-CoV,"",Qatar,QAT
DON-2013-10-14,Middle East respiratory syndrome coronavirus (MERS-CoV) - update,10/14/2013,https://www.who.int/emergencies/disease-outbreak-news/item/2013_10_14-en/,MERS-CoV,"",Saudi Arabia,SAU
DON-2013-10-31,Middle East respiratory syndrome coronavirus (MERS-CoV) - update,10/31/2013,https://www.who.int/emergencies/disease-outbreak-news/item/2013_10_31-en/,MERS-CoV,"",Oman,OMN
DON-2013-10-31,Middle East respiratory syndrome coronavirus (MERS-CoV) - update,10/31/2013,https://www.who.int/emergencies/disease-outbreak-news/item/2013_10_31-en/,MERS-CoV,"",Saudi Arabia,SAU
DON-2013-11-04,Middle East respiratory syndrome coronavirus (MERS-CoV) - update,11/4/2013,https://www.who.int/emergencies/disease-outbreak-news/item/2013_11_04-en/,MERS-CoV,"",Saudi Arabia,SAU
DON-2013-11-07,Middle East respiratory syndrome coronavirus (MERS-CoV) - update,11/7/2013,https://www.who.int/emergencies/disease-outbreak-news/item/2013_11_07-en/,MERS-CoV,"",Spain,ESP
DON-2013-11-26-b,Polio in the Syrian Arab Republic - update,11/26/2013,https://www.who.int/emergencies/disease-outbreak-news/item/2013_11_26polio-en/,Polio,WPV: WPV1,Syrian Arab Republic,SYR
DON-2014-01-06,Human infection with avian influenza A(H7N9) virus - update,1/6/2014,https://www.who.int/emergencies/disease-outbreak-news/item/2014_01_06-en/,Influenza A,H7N9,China,CHN
DON-2014-02-11,Human infection with avian influenza A(H7N9) virus - update,2/11/2014,https://www.who.int/emergencies/disease-outbreak-news/item/2014_02_11-en/,Influenza A,H7N9,China,CHN
DON-2014-03-17-a,Middle East respiratory syndrome coronavirus (MERS-CoV) - update,3/17/2014,https://www.who.int/emergencies/disease-outbreak-news/item/2014_03_17-en/,MERS-CoV,"",Saudi Arabia,SAU
DON-2014-04-17-b,Middle East respiratory syndrome coronavirus (MERS-CoV) - update,4/17/2014,https://www.who.int/emergencies/disease-outbreak-news/item/2014_04_17_mers-en/,MERS-CoV,"",Malaysia,MYS
DON-2014-04-17-b,Middle East respiratory syndrome coronavirus (MERS-CoV) - update,4/17/2014,https://www.who.int/emergencies/disease-outbreak-news/item/2014_04_17_mers-en/,MERS-CoV,"",United Arab Emirates,ARE
DON-2014-04-24-c,Yellow fever in the Democratic Republic of Congo,4/24/2014,https://www.who.int/emergencies/disease-outbreak-news/item/2014_04_24_yellowfever-en/,Yellow fever,"",Democratic Republic of the Congo,COD
DON-2014-05-05-b,Middle East respiratory syndrome coronavirus (MERS-CoV) - update,5/5/2014,https://www.who.int/emergencies/disease-outbreak-news/item/2014_05_05_mers_jordan-en/,MERS-CoV,"",Jordan,JOR
DON-2014-06-23,"Detection of poliovirus in sewage, Brazil",6/23/2014,https://www.who.int/emergencies/disease-outbreak-news/item/2014_6_23polio-en/,Polio,WPV: WPV1,Brazil,BRA
DON-2014-06-26-b,Middle East respiratory syndrome coronavirus (MERS-CoV) - update,6/26/2014,https://www.who.int/emergencies/disease-outbreak-news/item/2014_06_26_mers-en/,MERS-CoV,"",Saudi Arabia,SAU
DON-2014-07-02,Middle East respiratory syndrome coronavirus (MERS-CoV) - update,7/2/2014,https://www.who.int/emergencies/disease-outbreak-news/item/2014_07_02_mers-en/,MERS-CoV,"",Iran,IRN
DON-2014-07-02,Middle East respiratory syndrome coronavirus (MERS-CoV) - update,7/2/2014,https://www.who.int/emergencies/disease-outbreak-news/item/2014_07_02_mers-en/,MERS-CoV,"",Saudi Arabia,SAU
DON-2014-07-08,"Ebola virus disease, West Africa - update",7/8/2014,https://www.who.int/emergencies/disease-outbreak-news/item/2014_07_08_ebola-en/,Ebola virus,"",Guinea,GIN
DON-2014-07-08,"Ebola virus disease, West Africa - update",7/8/2014,https://www.who.int/emergencies/disease-outbreak-news/item/2014_07_08_ebola-en/,Ebola virus,"",Liberia,LBR
DON-2014-07-08,"Ebola virus disease, West Africa - update",7/8/2014,https://www.who.int/emergencies/disease-outbreak-news/item/2014_07_08_ebola-en/,Ebola virus,"",Sierra Leone,SLE
DON-2014-07-17-a,"Ebola virus disease, West Africa - update",7/17/2014,https://www.who.int/emergencies/disease-outbreak-news/item/2014_07_17_ebola-en/,Ebola virus,"",Guinea,GIN
DON-2014-07-17-a,"Ebola virus disease, West Africa - update",7/17/2014,https://www.who.int/emergencies/disease-outbreak-news/item/2014_07_17_ebola-en/,Ebola virus,"",Liberia,LBR
DON-2014-07-17-a,"Ebola virus disease, West Africa - update",7/17/2014,https://www.who.int/emergencies/disease-outbreak-news/item/2014_07_17_ebola-en/,Ebola virus,"",Sierra Leone,SLE
DON-2014-07-19,"Ebola virus disease, West Africa - update",7/19/2014,https://www.who.int/emergencies/disease-outbreak-news/item/2014_07_19_ebola-en/,Ebola virus,"",Guinea,GIN
DON-2014-07-19,"Ebola virus disease, West Africa - update",7/19/2014,https://www.who.int/emergencies/disease-outbreak-news/item/2014_07_19_ebola-en/,Ebola virus,"",Liberia,LBR
DON-2014-07-19,"Ebola virus disease, West Africa - update",7/19/2014,https://www.who.int/emergencies/disease-outbreak-news/item/2014_07_19_ebola-en/,Ebola virus,"",Sierra Leone,SLE
DON-2014-10-02-b,Middle East respiratory syndrome coronavirus (MERS-CoV) - Saudi Arabia,10/2/2014,https://www.who.int/emergencies/disease-outbreak-news/item/02-october-2014-mers-saudi-arabia-en/,MERS-CoV,"",Saudi Arabia,SAU
DON-2014-11-21-a,Middle East respiratory syndrome coronavirus (MERS-CoV) - Saudi Arabia,11/21/2014,https://www.who.int/emergencies/disease-outbreak-news/item/21-november-2014-mers-en/,MERS-CoV,"",Saudi Arabia,SAU
DON-2015-02-11-b,Middle East respiratory syndrome coronavirus (MERS-CoV) - Qatar,2/11/2015,https://www.who.int/emergencies/disease-outbreak-news/item/11-february-2015-mers-qatar-en/,MERS-CoV,"",Qatar,QAT
DON-2015-03-11-a,Human infection with avian influenza A(H7N9) virus - China,3/11/2015,https://www.who.int/emergencies/disease-outbreak-news/item/11-march-2015-avian-influenza-china-en/,Influenza A,H7N9,China,CHN
DON-2015-03-17,Typhoid fever - Uganda,3/17/2015,https://www.who.int/emergencies/disease-outbreak-news/item/17-march-2015-uganda-en/,Typhoid,"",Uganda,UGA
DON-2015-03-20,Middle East respiratory syndrome coronavirus (MERS-CoV) - Saudi Arabia,3/20/2015,https://www.who.int/emergencies/disease-outbreak-news/item/20-march-2015-mers-saudi-arabia-en/,MERS-CoV,"",Saudi Arabia,SAU
DON-2015-03-26,Middle East respiratory syndrome coronavirus (MERS-CoV) - Saudi Arabia,3/26/2015,https://www.who.int/emergencies/disease-outbreak-news/item/26-march-2015-mers-saudi-arabia-en/,MERS-CoV,"",Saudi Arabia,SAU
DON-2015-05-18,Middle East respiratory syndrome coronavirus (MERS-CoV) - United Arab Emirates,5/18/2015,https://www.who.int/emergencies/disease-outbreak-news/item/18-may-2015-mers-are-en/,MERS-CoV,"",United Arab Emirates,ARE
DON-2015-05-24-a,Middle East respiratory syndrome coronavirus (MERS-CoV) - United Arab Emirates,5/24/2015,https://www.who.int/emergencies/disease-outbreak-news/item/24-may-2015-mers-are-en/,MERS-CoV,"",United Arab Emirates,ARE
DON-2015-05-24-b,Middle East respiratory syndrome coronavirus (MERS-CoV) - Republic of Korea,5/24/2015,https://www.who.int/emergencies/disease-outbreak-news/item/24-may-2015-mers-korea-en/,MERS-CoV,"",Republic of Korea,KOR
DON-2015-05-24-c,Middle East respiratory syndrome coronavirus (MERS-CoV) - Qatar,5/24/2015,https://www.who.int/emergencies/disease-outbreak-news/item/24-may-2015-mers-qatar-en/,MERS-CoV,"",Qatar,QAT
DON-2015-06-19,Middle East respiratory syndrome coronavirus (MERS-CoV) - Republic of Korea,6/19/2015,https://www.who.int/emergencies/disease-outbreak-news/item/19-june-2015-mers-korea-en/,MERS-CoV,"",Republic of Korea,KOR
DON-2015-06-26-a,Middle East respiratory syndrome coronavirus (MERS-CoV) - United Arab Emirates,6/26/2015,https://www.who.int/emergencies/disease-outbreak-news/item/26-june-2015-mers-are-en/,MERS-CoV,"",United Arab Emirates,ARE
DON-2015-07-14-a,Human infection with avian influenza A(H5N6) virus - China,7/14/2015,https://www.who.int/emergencies/disease-outbreak-news/item/14-july-2015-avian-influenza-en/,Influenza A,H5N6,China,CHN
DON-2015-07-23,Meningococcal disease - Niger (update),7/23/2015,https://www.who.int/emergencies/disease-outbreak-news/item/23-july-2015-niger-en/,Meningococcal disease,"",Niger,NER
DON-2015-07-24-b,Poliovirus in Madagascar,7/24/2015,https://www.who.int/emergencies/disease-outbreak-news/item/24-july-2015-polio-en/,Polio,cDPV1,Madagascar,MDG
DON-2015-09-18,Middle East respiratory syndrome coronavirus (MERS-CoV) - Jordan,9/18/2015,https://www.who.int/emergencies/disease-outbreak-news/item/18-september-2015-mers-jordan-en/,MERS-CoV,"",Jordan,JOR
DON-2015-10-12-d,Circulating vaccine-derived poliovirus - Lao Peoples Democratic Republic,10/12/2015,https://www.who.int/emergencies/disease-outbreak-news/item/12-october-2015-polio-en/,Polio,cDPV1,Lao People's Democratic Republic,LAO
DON-2015-11-13-c,Zika virus infection - Suriname,11/13/2015,https://www.who.int/emergencies/disease-outbreak-news/item/13-november-2015-zika-en/,Zika virus disease,"",Suriname,SUR
DON-2015-11-26-a,Cholera - United Republic of Tanzania,11/26/2015,https://www.who.int/emergencies/disease-outbreak-news/item/26-november-2015-cholera-tanzania-en/,Cholera,"",United Republic of Tanzania,TZA
DON-2015-12-21-b,Zika virus infection - Cape Verde,12/21/2015,https://www.who.int/emergencies/disease-outbreak-news/item/21-december-2015-zika-cape-verde-en/,Zika virus disease,"",Cape Verde,CPV
DON-2016-01-27-a,Lassa Fever - Nigeria,1/27/2016,https://www.who.int/emergencies/disease-outbreak-news/item/27-january-2016-lassa-fever-nigeria-en/,Lassa fever,"",Nigeria,NGA
DON-2016-02-25-a,Human infection with avian influenza A(H7N9) virus - China,2/25/2016,https://www.who.int/emergencies/disease-outbreak-news/item/25-february-2016-avian-influenza-china-en/,Influenza A,H7N9,China,CHN
DON-2016-02-29-b,Zika virus infection - Trinidad and Tobago,2/29/2016,https://www.who.int/emergencies/disease-outbreak-news/item/29-february-2016-zika-trinidad-and-tobago-en/,Zika virus disease,"",Trinidad and Tobago,TTO
DON-2016-03-23-b,Human infection with avian influenza A(H7N9) virus - China,3/23/2016,https://www.who.int/emergencies/disease-outbreak-news/item/23-march-2016-avian-ah7n9-china-en/,Influenza A,H7N9,China,CHN
DON-2016-03-23-e,Middle East respiratory syndrome coronavirus (MERS-CoV) - Saudi Arabia,3/23/2016,https://www.who.int/emergencies/disease-outbreak-news/item/23-march-2016-mers-saudi-arabia-en/,MERS-CoV,"",Saudi Arabia,SAU
DON-2016-03-29-c,Microcephaly - Panama,3/29/2016,https://www.who.int/emergencies/disease-outbreak-news/item/29-march-2016-microcephaly-panama-en/,Zika virus disease,Microcephaly,Panama,PAN
DON-2016-04-21-b,Zika virus infection - Peru,4/21/2016,https://www.who.int/emergencies/disease-outbreak-news/item/21-april-2016-zika-peru-en/,Zika virus disease,"",Peru,PER
DON-2016-05-06,Human infection with avian influenza A(H5N6) virus - China,5/6/2016,https://www.who.int/emergencies/disease-outbreak-news/item/6-may-2016-ah5n6-china-en/,Influenza A,H5N6,China,CHN
DON-2016-06-14-a,Chikungunya - United States of America,6/14/2016,https://www.who.int/emergencies/disease-outbreak-news/item/14-june-2016-chikungunya-usa-en/,Chikungunya,"",United States of America,USA
DON-2016-07-20,Enterohaemorrhagic Escherischia coli - United Kingdom,7/20/2016,https://www.who.int/emergencies/disease-outbreak-news/item/20-july-2016-ehec-uk-en/,E. coli,STEC,United Kingdom,GBR
DON-2016-07-22,Human infection with avian influenza A(H7N9) virus - China,7/22/2016,https://www.who.int/emergencies/disease-outbreak-news/item/22-july-2016-ah7n9-china-en/,Influenza A,H7N9,China,CHN
DON-2016-10-31,Middle East respiratory syndrome coronavirus (MERS-CoV) - Saudi Arabia,10/31/2016,https://www.who.int/emergencies/disease-outbreak-news/item/31-october-2016-mers-saudi-arabia-en/,MERS-CoV,"",Saudi Arabia,SAU
DON-2016-12-08,Middle East respiratory syndrome coronavirus (MERS-CoV) - Oman,12/8/2016,https://www.who.int/emergencies/disease-outbreak-news/item/8-december-2016-mers-oman-en/,MERS-CoV,"",Oman,OMN
DON-2017-01-18,Human infection with avian influenza A(H7N9) virus - China,1/18/2017,https://www.who.int/emergencies/disease-outbreak-news/item/18-january-2017-ah7n9-china-en/,Influenza A,H7N9,China,CHN
DON-2017-03-20,Yellow fever - Brazil,3/20/2017,https://www.who.int/emergencies/disease-outbreak-news/item/20-march-2017-yellow-fever-brazil-en/,Yellow fever,"",Brazil,BRA
DON-2017-04-04-b,Yellow fever - Brazil,4/4/2017,https://www.who.int/emergencies/disease-outbreak-news/item/04-april-2017-yellow-fever-brazil-en/,Yellow fever,"",Brazil,BRA
DON-2017-04-20,Human infection with avian influenza A(H7N9) virus - China,4/20/2017,https://www.who.int/emergencies/disease-outbreak-news/item/20-april-2017-ah7n9-china-en/,Influenza A,H7N9,China,CHN
DON-2017-04-27,Middle East respiratory syndrome coronavirus (MERS-CoV) - Saudi Arabia and Qatar,4/27/2017,https://www.who.int/emergencies/disease-outbreak-news/item/27-april-2017-mers-saudi-arabia-and-qatar-en/,MERS-CoV,"",Saudi Arabia,SAU
DON-2017-04-27,Middle East respiratory syndrome coronavirus (MERS-CoV) - Saudi Arabia and Qatar,4/27/2017,https://www.who.int/emergencies/disease-outbreak-news/item/27-april-2017-mers-saudi-arabia-and-qatar-en/,MERS-CoV,"",Qatar,QAT
DON-2017-06-28-c,Middle East respiratory syndrome coronavirus (MERS-CoV) - Saudi Arabia,6/28/2017,https://www.who.int/emergencies/disease-outbreak-news/item/28-june-2017-mers-saudi-arabia-en/,MERS-CoV,"",Saudi Arabia,SAU
DON-2017-08-25,Chikungunya - France,8/25/2017,https://www.who.int/emergencies/disease-outbreak-news/item/25-august-2017-chikungunya-france-en/,Chikungunya,"",France,FRA
DON-2017-12-11-b,Cholera - Zambia,12/11/2017,https://www.who.int/emergencies/disease-outbreak-news/item/11-december-2017-cholera-zambia-en/,Cholera,"",Zambia,ZMB
DON-2017-12-21,Monkeypox - Nigeria,12/21/2017,https://www.who.int/emergencies/disease-outbreak-news/item/21-december-2017-monkeypox-nigeria-en/,Monkeypox,"",Nigeria,NGA
DON-2017-12-22-d,Yellow fever - Nigeria,12/22/2017,https://www.who.int/emergencies/disease-outbreak-news/item/22-december-2017-yellow-fever-nigeria-en/,Yellow fever,"",Nigeria,NGA
DON-2018-03-23-b,Human infection with a seasonal reassortant A(H1N2) influenza virus - Netherlands,3/23/2018,https://www.who.int/emergencies/disease-outbreak-news/item/23-march-2018-seasonal-reassortant-ah1n2-netherlands-en/,Influenza A,H1N2,Netherlands,NLD
DON-2018-03-28,Listeriosis - South Africa,3/28/2018,https://www.who.int/emergencies/disease-outbreak-news/item/28-march-2018-listeriosis-south-africa-en/,Listeriosis,"",South Africa,ZAF
DON-2018-04-09,Listeriosis - Australia,4/9/2018,https://www.who.int/emergencies/disease-outbreak-news/item/09-april-2018-listeriosis-australia-en/,Listeriosis,"",Australia,AUS
DON-2018-05-28,Middle East respiratory syndrome coronavirus (MERS-CoV) - United Arab Emirates,5/28/2018,https://www.who.int/emergencies/disease-outbreak-news/item/28-may-2018-mers-uae-en/,MERS-CoV,"",United Arab Emirates,ARE
DON-2018-06-05-b,Nipah virus - India,6/5/2018,https://www.who.int/emergencies/disease-outbreak-news/item/31-may-2018-nipah-virus-india-en/,Monkeypox,"",Cameroon,CMR
DON-2018-06-06,Ebola virus disease - Democratic Republic of the Congo: Points of Entry,6/6/2018,https://www.who.int/emergencies/disease-outbreak-news/item/05-june-2018-ebola-drc-en/,Ebola virus,"",Democratic Republic of the Congo,COD
DON-2018-08-07,Nipah virus - India,8/7/2018,https://www.who.int/emergencies/disease-outbreak-news/item/07-august-2018-nipah-virus-india-en/,Nipah virus,"",India,IND
DON-2019-01-09,Yellow fever - Nigeria,1/9/2019,https://www.who.int/emergencies/disease-outbreak-news/item/09-january-2019-yellow-fever-nigeria-en/,Yellow fever,"",Nigeria,NGA
DON-2019-01-16,Middle East respiratory syndrome coronavirus (MERS-CoV) - Saudi Arabia,1/16/2019,https://www.who.int/emergencies/disease-outbreak-news/item/16-january-2019-mers-saudi-arabia-en/,MERS-CoV,"",Saudi Arabia,SAU
DON-2019-01-17-a,Ebola virus disease - Democratic Republic of the Congo,1/17/2019,https://www.who.int/emergencies/disease-outbreak-news/item/17-january-2019-ebola-drc-en/,Ebola virus,"",Democratic Republic of the Congo,COD
DON-2019-02-11-a,Middle East respiratory syndrome coronavirus (MERS-CoV) - Oman,2/11/2019,https://www.who.int/emergencies/disease-outbreak-news/item/11-february-2019-mers-oman-en/,MERS-CoV,"",Oman,OMN
DON-2019-02-20,Circulating vaccine-derived poliovirus type 1 - Papua New Guinea,2/20/2019,https://www.who.int/emergencies/disease-outbreak-news/item/20-February-2019-polio-png-en/,Polio,cDPV1,Papua New Guinea,PNG
DON-2019-03-21,Ebola virus disease - Democratic Republic of the Congo,3/21/2019,https://www.who.int/emergencies/disease-outbreak-news/item/21-march-2019-ebola-drc-en/,Ebola virus,"",Democratic Republic of the Congo,COD
DON-2019-05-01,Chikungunya - Congo,5/1/2019,https://www.who.int/emergencies/disease-outbreak-news/item/01-may-2019-chikungunya-congo-en/,Chikungunya,"",Congo,COG
DON-2019-05-09-c,Middle East respiratory syndrome coronavirus (MERS-CoV) - The Kingdom of Saudi Arabia,5/9/2019,https://www.who.int/emergencies/disease-outbreak-news/item/09-may-2019-mers-saudi-arabia-en/,MERS-CoV,"",Saudi Arabia,SAU
DON-2019-06-20,Ebola virus disease - Democratic Republic of the Congo,6/20/2019,https://www.who.int/emergencies/disease-outbreak-news/item/20-june-2019-ebola-drc-en/,Ebola virus,"",Democratic Republic of the Congo,COD
DON-2019-08-22-a,Ebola virus disease - Democratic Republic of the Congo,8/22/2019,https://www.who.int/emergencies/disease-outbreak-news/item/22-august-2019-ebola-drc-en/,Ebola virus,"",Democratic Republic of the Congo,COD
DON-2019-09-16,Listeriosis- Spain,9/16/2019,https://www.who.int/emergencies/disease-outbreak-news/item/16-september-2019-listeriosis-spain-en/,Listeriosis,"",Spain,ESP
DON-2019-10-22,Measles - Lebanon,10/22/2019,https://www.who.int/emergencies/disease-outbreak-news/item/22-october-2019-measles-lebanon-en/,Measles,"",Lebanon,LBN
DON-2019-11-07,Ebola virus disease - Democratic Republic of the Congo,11/7/2019,https://www.who.int/emergencies/disease-outbreak-news/item/07-november-2019-ebola-drc-en/,Ebola virus,"",Democratic Republic of the Congo,COD
